{
    "@class": "com.kony.gen.viz.model.component.KVizLabel",
    "DNDConfig": null,
    "_bottom_": {
        "type": "string",
        "value": "0dp"
    },
    "_left_": {
        "type": "string",
        "value": "0%"
    },
    "_margin_": [
        1,
        1,
        1,
        1
    ],
    "_padding_": [
        1,
        1,
        0,
        1
    ],
    "_skin_": "s1d898db12fd45b985cb2cea244b5b4a",
    "_text_": "Stock",
    "_top_": {
        "type": "string",
        "value": "5dp"
    },
    "_width_": {
        "type": "string",
        "value": "9.5%"
    },
    "_wrapping_": 2,
    "actionsInfo": {
        "dataCollectionId": "records",
        "dataPropertyName": "Stock",
        "widgetPropertyName": "text"
    },
    "android": {
        "textStyle": {
            "letterSpacing": 0,
            "strikeThrough": false
        }
    },
    "canUpdateUI": true,
    "containerId": true,
    "containerweight": 100,
    "contentalignment": 4,
    "id": "lblStock1",
    "info": null,
    "ipad": {
        "psp": {
            "wrapping": 2
        }
    },
    "iphone": {
        "psp": {
            "wrapping": 2
        }
    },
    "iscustomlayout": false,
    "isvisible": true,
    "kuid": "cb929ae56c3f4443976af1ce5c672168",
    "name": "kony.ui.Label",
    "parent": "CopyFBoxDemandRequest0c2c1c51673ed4d",
    "pf": "CopyFBoxDemandRequest0c2c1c51673ed4d",
    "retaincontentalignment": false,
    "retainflexpositionproperties": false,
    "tooltip": "",
    "wType": "Label"
}