{
    "DNDConfig": null,
    "_height_": {
        "type": "string",
        "value": "61.52%"
    },
    "_left_": {
        "type": "string",
        "value": "3%"
    },
    "_margin_": [
        0,
        0,
        0,
        0
    ],
    "_orientation_": 6,
    "_padding_": [
        0,
        0,
        0,
        0
    ],
    "_percent_": true,
    "_skin_": "s731876b5ce94c0e9b3f74746041edbb",
    "_top_": {
        "type": "string",
        "value": "37dp"
    },
    "_width_": {
        "type": "string",
        "value": "20%"
    },
    "allboxes": [],
    "autogrowmode": 0,
    "canUpdateUI": true,
    "children": [
        "LabelPending",
        "Label01"
    ],
    "clipbounds": false,
    "containerweight": 100,
    "enablescrolling": true,
    "id": "CopyFlexContainer0de1dbf6c79f442",
    "info": null,
    "iscustomlayout": false,
    "isvisible": true,
    "kuid": "ce794a9cb8d048f69dd2627257d78013",
    "layouttype": 2,
    "name": "kony.ui.FlexContainer",
    "parent": "FlexContainerHeaders",
    "pf": "SKUDemand",
    "retaincontentalignment": false,
    "retainflexpositionproperties": false,
    "retainflowhorizontalalignment": false,
    "snapgridsize": 10,
    "snaptogrid": true,
    "wType": "FlexContainer",
    "widgetalignment": 1,
    "zindex": 1
}