{
    "DNDConfig": null,
    "_height_": {
        "type": "string",
        "value": "60.22%"
    },
    "_left_": {
        "type": "string",
        "value": "3.00%"
    },
    "_margin_": [
        0,
        0,
        0,
        0
    ],
    "_orientation_": 6,
    "_padding_": [
        0,
        0,
        0,
        0
    ],
    "_percent_": true,
    "_skin_": "sddc3ddf93744f4cbac42dfe93f11f06",
    "_top_": {
        "type": "string",
        "value": "37dp"
    },
    "_width_": {
        "type": "string",
        "value": "20%"
    },
    "allboxes": [],
    "autogrowmode": 0,
    "canUpdateUI": true,
    "children": [
        "labelRejected",
        "label04"
    ],
    "clipbounds": false,
    "containerweight": 100,
    "enablescrolling": true,
    "id": "CopyFlexContainer0c5033b5aec0a42",
    "info": null,
    "iscustomlayout": false,
    "isvisible": true,
    "kuid": "df86922e5a8e45dcb0236c1b0397ff7a",
    "layouttype": 2,
    "name": "kony.ui.FlexContainer",
    "parent": "FlexContainerHeaders",
    "pf": "SKUDemand",
    "retaincontentalignment": false,
    "retainflexpositionproperties": false,
    "retainflowhorizontalalignment": false,
    "snapgridsize": 10,
    "snaptogrid": true,
    "wType": "FlexContainer",
    "widgetalignment": 1,
    "zindex": 1
}