{
    "DNDConfig": null,
    "_height_": {
        "type": "string",
        "value": "62.73%"
    },
    "_left_": {
        "type": "string",
        "value": "3%"
    },
    "_margin_": [
        0,
        0,
        0,
        0
    ],
    "_orientation_": 6,
    "_padding_": [
        0,
        0,
        0,
        0
    ],
    "_percent_": true,
    "_skin_": "s7aa2a6eca8341cc952dac30edf4a2e7",
    "_top_": {
        "type": "string",
        "value": "37dp"
    },
    "_width_": {
        "type": "string",
        "value": "20%"
    },
    "allboxes": [],
    "autogrowmode": 0,
    "canUpdateUI": true,
    "children": [
        "LabelApproved",
        "Label03"
    ],
    "clipbounds": false,
    "containerweight": 100,
    "enablescrolling": true,
    "id": "CopyFlexContainer0a81cef57546647",
    "info": null,
    "iscustomlayout": false,
    "isvisible": true,
    "kuid": "ae2da09ffdb74469b65a7c176167aeec",
    "layouttype": 2,
    "name": "kony.ui.FlexContainer",
    "parent": "FlexContainerHeaders",
    "pf": "SKUDemand",
    "retaincontentalignment": false,
    "retainflexpositionproperties": false,
    "retainflowhorizontalalignment": false,
    "snapgridsize": 10,
    "snaptogrid": true,
    "wType": "FlexContainer",
    "widgetalignment": 1,
    "zindex": 1
}