{
    "DNDConfig": null,
    "_height_": {
        "type": "string",
        "value": "61.11%"
    },
    "_left_": {
        "type": "string",
        "value": "3%"
    },
    "_margin_": [
        0,
        0,
        0,
        0
    ],
    "_orientation_": 6,
    "_padding_": [
        0,
        0,
        0,
        0
    ],
    "_percent_": true,
    "_skin_": "s279b91f0122481389f46f44ea867e87",
    "_top_": {
        "type": "string",
        "value": "37dp"
    },
    "_width_": {
        "type": "string",
        "value": "20%"
    },
    "allboxes": [],
    "autogrowmode": 0,
    "canUpdateUI": true,
    "children": [
        "Label00",
        "LabelTotalRequests"
    ],
    "clipbounds": false,
    "containerweight": 100,
    "enablescrolling": true,
    "id": "FlexContainer0f33f26919d934e",
    "info": null,
    "iscustomlayout": false,
    "isvisible": true,
    "kuid": "e5f7e94b15cc4b8bbe018faa74f3d7fb",
    "layouttype": 2,
    "name": "kony.ui.FlexContainer",
    "parent": "FlexContainerHeaders",
    "pf": "SKUDemand",
    "retaincontentalignment": false,
    "retainflexpositionproperties": false,
    "retainflowhorizontalalignment": false,
    "snapgridsize": 10,
    "snaptogrid": true,
    "wType": "FlexContainer",
    "widgetalignment": 1,
    "zindex": 1
}