{
    "DNDConfig": null,
    "_height_": {
        "type": "string",
        "value": "20%"
    },
    "_left_": {
        "type": "string",
        "value": "0dp"
    },
    "_margin_": [
        0,
        0,
        0,
        0
    ],
    "_orientation_": 6,
    "_padding_": [
        0,
        0,
        0,
        0
    ],
    "_percent_": true,
    "_skin_": "s8c7496960954fe2ac011b871ad3086c",
    "_top_": {
        "type": "string",
        "value": "140dp"
    },
    "_width_": {
        "type": "string",
        "value": "100%"
    },
    "allboxes": [],
    "autogrowmode": 0,
    "canUpdateUI": true,
    "children": [
        "FlexContainer0f33f26919d934e",
        "CopyFlexContainer0de1dbf6c79f442",
        "CopyFlexContainer0a81cef57546647",
        "CopyFlexContainer0c5033b5aec0a42"
    ],
    "clipbounds": false,
    "containerweight": 100,
    "enablescrolling": true,
    "id": "FlexContainerHeaders",
    "info": null,
    "iscustomlayout": false,
    "isvisible": true,
    "kuid": "e4b86531f6224e23812e3e7b7e6ef061",
    "layouttype": 3,
    "name": "kony.ui.FlexContainer",
    "parent": "SKUDemand",
    "pf": "SKUDemand",
    "retaincontentalignment": false,
    "retainflexpositionproperties": false,
    "retainflowhorizontalalignment": false,
    "snapgridsize": 10,
    "snaptogrid": true,
    "wType": "FlexContainer",
    "widgetalignment": 1,
    "zindex": 2
}