{
    "DNDConfig": null,
    "_height_": {
        "type": "string",
        "value": "57.78%"
    },
    "_left_": {
        "type": "string",
        "value": "2%"
    },
    "_margin_": [
        0,
        0,
        0,
        0
    ],
    "_orientation_": 6,
    "_padding_": [
        0,
        0,
        0,
        0
    ],
    "_percent_": true,
    "_skin_": "s96ff16eec124e9781ec52d60fdc2a92",
    "_top_": {
        "type": "string",
        "value": "38.86%"
    },
    "_width_": {
        "type": "string",
        "value": "95%"
    },
    "allboxes": [],
    "autogrowmode": 0,
    "canUpdateUI": true,
    "children": [
        "flexHeaderDemandRequest",
        "LabelID",
        "LabelID1",
        "TextFieldSearchBox",
        "ListBoxCategories",
        "ListBoxStatus",
        "BtnReset"
    ],
    "clipbounds": false,
    "containerweight": 100,
    "enablescrolling": true,
    "id": "FlexSKUTable",
    "info": null,
    "iscustomlayout": false,
    "isvisible": true,
    "kuid": "b5e0afb8d5a34947a5547baa5914ee7b",
    "layouttype": 2,
    "masterType": 1,
    "name": "kony.ui.FlexContainer",
    "parent": "SKUDemand",
    "pf": "SKUDemand",
    "retaincontentalignment": false,
    "retainflexpositionproperties": false,
    "retainflowhorizontalalignment": false,
    "snapgridsize": 10,
    "snaptogrid": true,
    "wType": "FlexContainer",
    "widgetalignment": 1,
    "zindex": 2
}