{
    "@class": "com.kony.gen.viz.model.component.KVizLabel",
    "DNDConfig": null,
    "_height_": {
        "type": "string",
        "value": "100%"
    },
    "_left_": {
        "type": "string",
        "value": "0%"
    },
    "_margin_": [
        1,
        1,
        1,
        1
    ],
    "_padding_": [
        3,
        0,
        0,
        0
    ],
    "_skin_": "s1643f78a26c4afa8d7fac6512a5cecb",
    "_text_": "Name",
    "_top_": {
        "type": "string",
        "value": "0%"
    },
    "_width_": {
        "type": "string",
        "value": "100%"
    },
    "_wrapping_": 2,
    "actionsInfo": {
        "skipMapping": true
    },
    "android": {
        "textStyle": {
            "letterSpacing": 0,
            "strikeThrough": false
        }
    },
    "canUpdateUI": true,
    "containerweight": 100,
    "contentalignment": 4,
    "id": "lblName",
    "ide_onTouchEnd": "AS_Label_g98ccbb79b5c4fda802abb12822b0b9b",
    "info": null,
    "ipad": {
        "psp": {
            "wrapping": 2
        }
    },
    "iphone": {
        "psp": {
            "wrapping": 2
        }
    },
    "iscustomlayout": false,
    "isvisible": true,
    "kuid": "b13d0396ef6d4423a0e903804566e43e",
    "name": "kony.ui.Label",
    "parent": "flexName",
    "pf": "SKUDemand",
    "retaincontentalignment": false,
    "retainflexpositionproperties": false,
    "tooltip": "",
    "wType": "Label"
}