{
    "DNDConfig": null,
    "_height_": {
        "type": "string",
        "value": "260dp"
    },
    "_left_": {
        "type": "string",
        "value": "170dp"
    },
    "_margin_": [
        0,
        0,
        0,
        0
    ],
    "_orientation_": 6,
    "_padding_": [
        0,
        0,
        0,
        0
    ],
    "_percent_": true,
    "_skin_": "se9629abbf6d4eb88d30a3e53f6bf8b0",
    "_top_": {
        "type": "string",
        "value": "160dp"
    },
    "_width_": {
        "type": "string",
        "value": "41.30%"
    },
    "allboxes": [],
    "autogrowmode": 0,
    "canUpdateUI": true,
    "children": [
        "multiseriesverticalbar"
    ],
    "clipbounds": false,
    "containerweight": 100,
    "enablescrolling": true,
    "id": "FlexContainerchart",
    "info": null,
    "iscustomlayout": false,
    "isvisible": true,
    "kuid": "a54889656f644977abbbf5b59e422c7f",
    "layouttype": 2,
    "name": "kony.ui.FlexContainer",
    "parent": "DemandRequestFrm",
    "pf": "DemandRequestFrm",
    "retaincontentalignment": false,
    "retainflexpositionproperties": false,
    "retainflowhorizontalalignment": false,
    "snapgridsize": 10,
    "snaptogrid": true,
    "wType": "FlexContainer",
    "widgetalignment": 1,
    "zindex": 1
}