{
    "DNDConfig": null,
    "_height_": {
        "type": "string",
        "value": "900dp"
    },
    "_left_": {
        "type": "string",
        "value": "0dp"
    },
    "_margin_": [
        0,
        0,
        0,
        0
    ],
    "_orientation_": 6,
    "_padding_": [
        0,
        0,
        0,
        0
    ],
    "_percent_": true,
    "_skin_": "s804e7f4bfac4ef1a6e9bd8181f3d006",
    "_top_": {
        "type": "string",
        "value": "0dp"
    },
    "_width_": {
        "type": "string",
        "value": "12.34%"
    },
    "allboxes": [],
    "autogrowmode": 0,
    "canUpdateUI": true,
    "children": [
        "Label01",
        "Label02",
        "Label03",
        "Label04",
        "Label05"
    ],
    "clipbounds": false,
    "containerweight": 100,
    "enablescrolling": true,
    "id": "FlexContaineroverview",
    "info": null,
    "iscustomlayout": false,
    "isvisible": true,
    "kuid": "d0e10688d0254674ba0930502bedf219",
    "layouttype": 2,
    "name": "kony.ui.FlexContainer",
    "parent": "DemandRequestFrm",
    "pf": "DemandRequestFrm",
    "retaincontentalignment": false,
    "retainflexpositionproperties": false,
    "retainflowhorizontalalignment": false,
    "snapgridsize": 10,
    "snaptogrid": true,
    "wType": "FlexContainer",
    "widgetalignment": 1,
    "zindex": 1
}