{
    "DNDConfig": null,
    "_height_": {
        "type": "string",
        "value": "48.89%"
    },
    "_left_": {
        "type": "string",
        "value": "12.32%"
    },
    "_margin_": [
        0,
        0,
        0,
        0
    ],
    "_orientation_": 6,
    "_padding_": [
        0,
        0,
        0,
        0
    ],
    "_percent_": true,
    "_skin_": "s96ff16eec124e9781ec52d60fdc2a92",
    "_top_": {
        "type": "string",
        "value": "51.11%"
    },
    "_width_": {
        "type": "string",
        "value": "86.92%"
    },
    "allboxes": [],
    "autogrowmode": 0,
    "canUpdateUI": true,
    "children": [
        "flexHeaderDemandRequest",
        "LabelID",
        "LabelID1",
        "TextFieldSearchBox",
        "ListBoxCategories",
        "ListBoxStatus"
    ],
    "clipbounds": false,
    "containerweight": 100,
    "enablescrolling": true,
    "id": "FlexSKUTable",
    "info": null,
    "iscustomlayout": false,
    "isvisible": true,
    "kuid": "ba0689d1427f4fceaa672e1219c6d3b2",
    "layouttype": 2,
    "masterType": 1,
    "name": "kony.ui.FlexContainer",
    "parent": "DemandRequestFrm",
    "pf": "DemandRequestFrm",
    "retaincontentalignment": false,
    "retainflexpositionproperties": false,
    "retainflowhorizontalalignment": false,
    "snapgridsize": 10,
    "snaptogrid": true,
    "wType": "FlexContainer",
    "widgetalignment": 1,
    "zindex": 1
}