{
    "DNDConfig": null,
    "_height_": {
        "type": "string",
        "value": "60.00%"
    },
    "_left_": {
        "type": "string",
        "value": "2.50%"
    },
    "_margin_": [
        0,
        0,
        0,
        0
    ],
    "_orientation_": 6,
    "_padding_": [
        0,
        0,
        0,
        0
    ],
    "_percent_": true,
    "_skin_": "sfeac37b87e44e47b9e8f0fe72c45418",
    "_top_": {
        "type": "string",
        "value": "38.18%"
    },
    "_width_": {
        "type": "string",
        "value": "95%"
    },
    "actionsInfo": {
        "skipMapping": true
    },
    "allboxes": [],
    "autogrowmode": 0,
    "canUpdateUI": true,
    "children": [
        "flexDemandRequest",
        "segDemandRequest"
    ],
    "clipbounds": false,
    "containerweight": 100,
    "enablescrolling": true,
    "id": "flexHeaderDemandRequest",
    "info": null,
    "iscustomlayout": false,
    "ismodalcontainer": true,
    "isvisible": true,
    "kuid": "eea304ad1a284a788547c852eb5a1ae8",
    "layouttype": 4,
    "masterType": 1,
    "name": "kony.ui.FlexContainer",
    "parent": "FlexSKUTable",
    "pf": "DemandRequestFrm",
    "responsiveData": {
        "b1": {},
        "b2": {},
        "b3": {}
    },
    "retaincontentalignment": false,
    "retainflexpositionproperties": false,
    "retainflowhorizontalalignment": false,
    "snapgridsize": 10,
    "snaptogrid": true,
    "wType": "FlexContainer",
    "widgetalignment": 1
}