{
    "DNDConfig": null,
    "_height_": {
        "type": "string",
        "value": "140dp"
    },
    "_left_": {
        "type": "string",
        "value": "170dp"
    },
    "_margin_": [
        0,
        0,
        0,
        0
    ],
    "_orientation_": 6,
    "_padding_": [
        0,
        0,
        0,
        0
    ],
    "_percent_": true,
    "_skin_": "s8c7496960954fe2ac011b871ad3086c",
    "_top_": {
        "type": "string",
        "value": "0dp"
    },
    "_width_": {
        "type": "string",
        "value": "86.97%"
    },
    "allboxes": [],
    "autogrowmode": 0,
    "canUpdateUI": true,
    "children": [
        "flxforecast",
        "flxsuppy",
        "flxinventory",
        "flxstock"
    ],
    "clipbounds": false,
    "containerweight": 100,
    "enablescrolling": true,
    "id": "FlexContainer0h987a7c53f0a4c",
    "info": null,
    "iscustomlayout": false,
    "isvisible": true,
    "kuid": "ca1f8440ae0646f198f76cf88ebc1695",
    "layouttype": 2,
    "name": "kony.ui.FlexContainer",
    "parent": "DemandRequestFrm",
    "pf": "DemandRequestFrm",
    "retaincontentalignment": false,
    "retainflexpositionproperties": false,
    "retainflowhorizontalalignment": false,
    "snapgridsize": 10,
    "snaptogrid": true,
    "wType": "FlexContainer",
    "widgetalignment": 1,
    "zindex": 1
}