{
    "DNDConfig": null,
    "_height_": {
        "type": "string",
        "value": "28.90%"
    },
    "_left_": {
        "type": "string",
        "value": "799dp"
    },
    "_margin_": [
        0,
        0,
        0,
        0
    ],
    "_orientation_": 6,
    "_padding_": [
        0,
        0,
        0,
        0
    ],
    "_percent_": true,
    "_skin_": "sd4533c6af134a639b3f4331c40c9779",
    "_top_": {
        "type": "string",
        "value": "160dp"
    },
    "_width_": {
        "type": "string",
        "value": "41.35%"
    },
    "allboxes": [],
    "autogrowmode": 0,
    "canUpdateUI": true,
    "children": [
        "piechart"
    ],
    "clipbounds": false,
    "containerweight": 100,
    "enablescrolling": true,
    "id": "FlexContainerPieChart",
    "info": null,
    "iscustomlayout": false,
    "isvisible": true,
    "kuid": "a7661daab50041f0a29ac78c055016b9",
    "layouttype": 2,
    "name": "kony.ui.FlexContainer",
    "parent": "DemandRequestFrm",
    "pf": "DemandRequestFrm",
    "retaincontentalignment": false,
    "retainflexpositionproperties": false,
    "retainflowhorizontalalignment": false,
    "snapgridsize": 10,
    "snaptogrid": true,
    "wType": "FlexContainer",
    "widgetalignment": 1,
    "zindex": 1
}