{
    "DNDConfig": null,
    "_height_": {
        "type": "string",
        "value": "110dp"
    },
    "_left_": {
        "type": "string",
        "value": "632dp"
    },
    "_margin_": [
        0,
        0,
        0,
        0
    ],
    "_orientation_": 6,
    "_padding_": [
        0,
        0,
        0,
        0
    ],
    "_percent_": true,
    "_skin_": "s6e4c83c1f6e415eafb06a755f7c730a",
    "_top_": {
        "type": "string",
        "value": "20dp"
    },
    "_width_": {
        "type": "string",
        "value": "22.53%"
    },
    "allboxes": [],
    "autogrowmode": 0,
    "canUpdateUI": true,
    "children": [
        "Copylbl0i2c975de8fec4b",
        "Copylbl0g00f465317ee43",
        "Copylbl0j8fb66b9d2254e"
    ],
    "clipbounds": false,
    "containerweight": 100,
    "enablescrolling": true,
    "id": "flxinventory",
    "info": null,
    "iscustomlayout": false,
    "isvisible": true,
    "kuid": "cb845ca5c3e84704afe32dcaf16d0487",
    "layouttype": 4,
    "name": "kony.ui.FlexContainer",
    "parent": "FlexContainer0h987a7c53f0a4c",
    "pf": "DemandRequestFrm",
    "retaincontentalignment": false,
    "retainflexpositionproperties": false,
    "retainflowhorizontalalignment": false,
    "snapgridsize": 10,
    "snaptogrid": true,
    "wType": "FlexContainer",
    "widgetalignment": 1,
    "zindex": 1
}