{
    "DNDConfig": null,
    "_height_": {
        "type": "string",
        "value": "110dp"
    },
    "_left_": {
        "type": "string",
        "value": "300dp"
    },
    "_margin_": [
        0,
        0,
        0,
        0
    ],
    "_orientation_": 6,
    "_padding_": [
        0,
        0,
        0,
        0
    ],
    "_percent_": true,
    "_skin_": "sabf6aa440b24956b60e623661e5a10f",
    "_top_": {
        "type": "string",
        "value": "20dp"
    },
    "_width_": {
        "type": "string",
        "value": "22.53%"
    },
    "allboxes": [],
    "autogrowmode": 0,
    "canUpdateUI": true,
    "children": [
        "Copylbl0dda76a6f148145",
        "Copylbl0e8be2529fdf74e",
        "Copylbl0h5d06b3fee0c4e"
    ],
    "clipbounds": false,
    "containerweight": 100,
    "enablescrolling": true,
    "id": "flxsuppy",
    "info": null,
    "iscustomlayout": false,
    "isvisible": true,
    "kuid": "b76864337d864c96b8b7f6c5a703eb12",
    "layouttype": 4,
    "name": "kony.ui.FlexContainer",
    "parent": "FlexContainer0h987a7c53f0a4c",
    "pf": "DemandRequestFrm",
    "retaincontentalignment": false,
    "retainflexpositionproperties": false,
    "retainflowhorizontalalignment": false,
    "snapgridsize": 10,
    "snaptogrid": true,
    "wType": "FlexContainer",
    "widgetalignment": 1,
    "zindex": 1
}