{
    "DNDConfig": null,
    "_height_": {
        "type": "string",
        "value": "110dp"
    },
    "_left_": {
        "type": "string",
        "value": "930dp"
    },
    "_margin_": [
        0,
        0,
        0,
        0
    ],
    "_orientation_": 6,
    "_padding_": [
        0,
        0,
        0,
        0
    ],
    "_percent_": true,
    "_skin_": "s4cdccdfec0641c4aa1d020d840a0bd1",
    "_top_": {
        "type": "string",
        "value": "20dp"
    },
    "_width_": {
        "type": "string",
        "value": "22.53%"
    },
    "allboxes": [],
    "autogrowmode": 0,
    "canUpdateUI": true,
    "children": [
        "Copylbl0fea5063f9d084f",
        "Copylbl0d53414d45bf746",
        "Copylbl0b8df5c5f07ed40"
    ],
    "clipbounds": false,
    "containerweight": 100,
    "enablescrolling": true,
    "id": "flxstock",
    "info": null,
    "iscustomlayout": false,
    "isvisible": true,
    "kuid": "e0a8d19c84fb4d7fabcc4a60f05ef6ac",
    "layouttype": 4,
    "name": "kony.ui.FlexContainer",
    "parent": "FlexContainer0h987a7c53f0a4c",
    "pf": "DemandRequestFrm",
    "retaincontentalignment": false,
    "retainflexpositionproperties": false,
    "retainflowhorizontalalignment": false,
    "snapgridsize": 10,
    "snaptogrid": true,
    "wType": "FlexContainer",
    "widgetalignment": 1,
    "zindex": 1
}