{
    "@class": "com.kony.gen.viz.model.container.KVizSegment2",
    "DNDConfig": null,
    "_data_": [
        {
            "CopyImage0b5d9a25cec1b4a": {
                "@class": "com.viz.ide.model.segment.ImageSegmentData",
                "src": "cross.jpg"
            },
            "CopyImage0b9e4270528ae45": {
                "@class": "com.viz.ide.model.segment.ImageSegmentData",
                "src": "tick.png"
            },
            "CopyLabel0a4721bc1be964e": {
                "@class": "com.viz.ide.model.segment.SimpleTextSegmentData",
                "text": "Stock"
            },
            "CopyLabel0ac775376e26c4e": {
                "@class": "com.viz.ide.model.segment.SimpleTextSegmentData",
                "text": "Category"
            },
            "CopyLabel0b7c93f33c0e148": {
                "@class": "com.viz.ide.model.segment.SimpleTextSegmentData",
                "text": "Enriched QTY"
            },
            "CopyLabel0d7f854fb40f746": {
                "@class": "com.viz.ide.model.segment.SimpleTextSegmentData",
                "text": "Status"
            },
            "CopyLabel0ed0fc93427ed46": {
                "@class": "com.viz.ide.model.segment.SimpleTextSegmentData",
                "text": "Requested"
            },
            "CopyLabel0h140a4d033144e": {
                "@class": "com.viz.ide.model.segment.SimpleTextSegmentData",
                "text": "Name"
            },
            "CopyLabel0hbbc7474e2d94a": {
                "@class": "com.viz.ide.model.segment.SimpleTextSegmentData",
                "text": "Requested By"
            },
            "CopyLabel0hfa3918b88ca44": {
                "@class": "com.viz.ide.model.segment.SimpleTextSegmentData",
                "text": "Forecasted"
            },
            "CopyLabel0j137a4eb15b24c": {
                "@class": "com.viz.ide.model.segment.SimpleTextSegmentData",
                "text": "Requested date"
            },
            "Image0f546f4cd61574a": {
                "@class": "com.viz.ide.model.segment.ImageSegmentData",
                "src": "eye.png"
            },
            "Label0ee69e19d962e44": {
                "@class": "com.viz.ide.model.segment.SimpleTextSegmentData",
                "text": "SKU ID"
            }
        },
        {
            "CopyImage0b5d9a25cec1b4a": {
                "@class": "com.viz.ide.model.segment.ImageSegmentData",
                "src": "cross.jpg"
            },
            "CopyImage0b9e4270528ae45": {
                "@class": "com.viz.ide.model.segment.ImageSegmentData",
                "src": "tick.png"
            },
            "CopyLabel0a4721bc1be964e": {
                "@class": "com.viz.ide.model.segment.SimpleTextSegmentData",
                "text": "Stock"
            },
            "CopyLabel0ac775376e26c4e": {
                "@class": "com.viz.ide.model.segment.SimpleTextSegmentData",
                "text": "Category"
            },
            "CopyLabel0b7c93f33c0e148": {
                "@class": "com.viz.ide.model.segment.SimpleTextSegmentData",
                "text": "Enriched QTY"
            },
            "CopyLabel0d7f854fb40f746": {
                "@class": "com.viz.ide.model.segment.SimpleTextSegmentData",
                "text": "Status"
            },
            "CopyLabel0ed0fc93427ed46": {
                "@class": "com.viz.ide.model.segment.SimpleTextSegmentData",
                "text": "Requested"
            },
            "CopyLabel0h140a4d033144e": {
                "@class": "com.viz.ide.model.segment.SimpleTextSegmentData",
                "text": "Name"
            },
            "CopyLabel0hbbc7474e2d94a": {
                "@class": "com.viz.ide.model.segment.SimpleTextSegmentData",
                "text": "Requested By"
            },
            "CopyLabel0hfa3918b88ca44": {
                "@class": "com.viz.ide.model.segment.SimpleTextSegmentData",
                "text": "Forecasted"
            },
            "CopyLabel0j137a4eb15b24c": {
                "@class": "com.viz.ide.model.segment.SimpleTextSegmentData",
                "text": "Requested date"
            },
            "Image0f546f4cd61574a": {
                "@class": "com.viz.ide.model.segment.ImageSegmentData",
                "src": "eye.png"
            },
            "Label0ee69e19d962e44": {
                "@class": "com.viz.ide.model.segment.SimpleTextSegmentData",
                "text": "SKU ID"
            }
        },
        {
            "CopyImage0b5d9a25cec1b4a": {
                "@class": "com.viz.ide.model.segment.ImageSegmentData",
                "src": "cross.jpg"
            },
            "CopyImage0b9e4270528ae45": {
                "@class": "com.viz.ide.model.segment.ImageSegmentData",
                "src": "tick.png"
            },
            "CopyLabel0a4721bc1be964e": {
                "@class": "com.viz.ide.model.segment.SimpleTextSegmentData",
                "text": "Stock"
            },
            "CopyLabel0ac775376e26c4e": {
                "@class": "com.viz.ide.model.segment.SimpleTextSegmentData",
                "text": "Category"
            },
            "CopyLabel0b7c93f33c0e148": {
                "@class": "com.viz.ide.model.segment.SimpleTextSegmentData",
                "text": "Enriched QTY"
            },
            "CopyLabel0d7f854fb40f746": {
                "@class": "com.viz.ide.model.segment.SimpleTextSegmentData",
                "text": "Status"
            },
            "CopyLabel0ed0fc93427ed46": {
                "@class": "com.viz.ide.model.segment.SimpleTextSegmentData",
                "text": "Requested"
            },
            "CopyLabel0h140a4d033144e": {
                "@class": "com.viz.ide.model.segment.SimpleTextSegmentData",
                "text": "Name"
            },
            "CopyLabel0hbbc7474e2d94a": {
                "@class": "com.viz.ide.model.segment.SimpleTextSegmentData",
                "text": "Requested By"
            },
            "CopyLabel0hfa3918b88ca44": {
                "@class": "com.viz.ide.model.segment.SimpleTextSegmentData",
                "text": "Forecasted"
            },
            "CopyLabel0j137a4eb15b24c": {
                "@class": "com.viz.ide.model.segment.SimpleTextSegmentData",
                "text": "Requested date"
            },
            "Image0f546f4cd61574a": {
                "@class": "com.viz.ide.model.segment.ImageSegmentData",
                "src": "eye.png"
            },
            "Label0ee69e19d962e44": {
                "@class": "com.viz.ide.model.segment.SimpleTextSegmentData",
                "text": "SKU ID"
            }
        },
        {
            "CopyImage0b5d9a25cec1b4a": {
                "@class": "com.viz.ide.model.segment.ImageSegmentData",
                "src": "cross.jpg"
            },
            "CopyImage0b9e4270528ae45": {
                "@class": "com.viz.ide.model.segment.ImageSegmentData",
                "src": "tick.png"
            },
            "CopyLabel0a4721bc1be964e": {
                "@class": "com.viz.ide.model.segment.SimpleTextSegmentData",
                "text": "Stock"
            },
            "CopyLabel0ac775376e26c4e": {
                "@class": "com.viz.ide.model.segment.SimpleTextSegmentData",
                "text": "Category"
            },
            "CopyLabel0b7c93f33c0e148": {
                "@class": "com.viz.ide.model.segment.SimpleTextSegmentData",
                "text": "Enriched QTY"
            },
            "CopyLabel0d7f854fb40f746": {
                "@class": "com.viz.ide.model.segment.SimpleTextSegmentData",
                "text": "Status"
            },
            "CopyLabel0ed0fc93427ed46": {
                "@class": "com.viz.ide.model.segment.SimpleTextSegmentData",
                "text": "Requested"
            },
            "CopyLabel0h140a4d033144e": {
                "@class": "com.viz.ide.model.segment.SimpleTextSegmentData",
                "text": "Name"
            },
            "CopyLabel0hbbc7474e2d94a": {
                "@class": "com.viz.ide.model.segment.SimpleTextSegmentData",
                "text": "Requested By"
            },
            "CopyLabel0hfa3918b88ca44": {
                "@class": "com.viz.ide.model.segment.SimpleTextSegmentData",
                "text": "Forecasted"
            },
            "CopyLabel0j137a4eb15b24c": {
                "@class": "com.viz.ide.model.segment.SimpleTextSegmentData",
                "text": "Requested date"
            },
            "Image0f546f4cd61574a": {
                "@class": "com.viz.ide.model.segment.ImageSegmentData",
                "src": "eye.png"
            },
            "Label0ee69e19d962e44": {
                "@class": "com.viz.ide.model.segment.SimpleTextSegmentData",
                "text": "SKU ID"
            }
        },
        {
            "CopyImage0b5d9a25cec1b4a": {
                "@class": "com.viz.ide.model.segment.ImageSegmentData",
                "src": "cross.jpg"
            },
            "CopyImage0b9e4270528ae45": {
                "@class": "com.viz.ide.model.segment.ImageSegmentData",
                "src": "tick.png"
            },
            "CopyLabel0a4721bc1be964e": {
                "@class": "com.viz.ide.model.segment.SimpleTextSegmentData",
                "text": "Stock"
            },
            "CopyLabel0ac775376e26c4e": {
                "@class": "com.viz.ide.model.segment.SimpleTextSegmentData",
                "text": "Category"
            },
            "CopyLabel0b7c93f33c0e148": {
                "@class": "com.viz.ide.model.segment.SimpleTextSegmentData",
                "text": "Enriched QTY"
            },
            "CopyLabel0d7f854fb40f746": {
                "@class": "com.viz.ide.model.segment.SimpleTextSegmentData",
                "text": "Status"
            },
            "CopyLabel0ed0fc93427ed46": {
                "@class": "com.viz.ide.model.segment.SimpleTextSegmentData",
                "text": "Requested"
            },
            "CopyLabel0h140a4d033144e": {
                "@class": "com.viz.ide.model.segment.SimpleTextSegmentData",
                "text": "Name"
            },
            "CopyLabel0hbbc7474e2d94a": {
                "@class": "com.viz.ide.model.segment.SimpleTextSegmentData",
                "text": "Requested By"
            },
            "CopyLabel0hfa3918b88ca44": {
                "@class": "com.viz.ide.model.segment.SimpleTextSegmentData",
                "text": "Forecasted"
            },
            "CopyLabel0j137a4eb15b24c": {
                "@class": "com.viz.ide.model.segment.SimpleTextSegmentData",
                "text": "Requested date"
            },
            "Image0f546f4cd61574a": {
                "@class": "com.viz.ide.model.segment.ImageSegmentData",
                "src": "eye.png"
            },
            "Label0ee69e19d962e44": {
                "@class": "com.viz.ide.model.segment.SimpleTextSegmentData",
                "text": "SKU ID"
            }
        },
        {
            "CopyImage0b5d9a25cec1b4a": {
                "@class": "com.viz.ide.model.segment.ImageSegmentData",
                "src": "cross.jpg"
            },
            "CopyImage0b9e4270528ae45": {
                "@class": "com.viz.ide.model.segment.ImageSegmentData",
                "src": "tick.png"
            },
            "CopyLabel0a4721bc1be964e": {
                "@class": "com.viz.ide.model.segment.SimpleTextSegmentData",
                "text": "Stock"
            },
            "CopyLabel0ac775376e26c4e": {
                "@class": "com.viz.ide.model.segment.SimpleTextSegmentData",
                "text": "Category"
            },
            "CopyLabel0b7c93f33c0e148": {
                "@class": "com.viz.ide.model.segment.SimpleTextSegmentData",
                "text": "Enriched QTY"
            },
            "CopyLabel0d7f854fb40f746": {
                "@class": "com.viz.ide.model.segment.SimpleTextSegmentData",
                "text": "Status"
            },
            "CopyLabel0ed0fc93427ed46": {
                "@class": "com.viz.ide.model.segment.SimpleTextSegmentData",
                "text": "Requested"
            },
            "CopyLabel0h140a4d033144e": {
                "@class": "com.viz.ide.model.segment.SimpleTextSegmentData",
                "text": "Name"
            },
            "CopyLabel0hbbc7474e2d94a": {
                "@class": "com.viz.ide.model.segment.SimpleTextSegmentData",
                "text": "Requested By"
            },
            "CopyLabel0hfa3918b88ca44": {
                "@class": "com.viz.ide.model.segment.SimpleTextSegmentData",
                "text": "Forecasted"
            },
            "CopyLabel0j137a4eb15b24c": {
                "@class": "com.viz.ide.model.segment.SimpleTextSegmentData",
                "text": "Requested date"
            },
            "Image0f546f4cd61574a": {
                "@class": "com.viz.ide.model.segment.ImageSegmentData",
                "src": "eye.png"
            },
            "Label0ee69e19d962e44": {
                "@class": "com.viz.ide.model.segment.SimpleTextSegmentData",
                "text": "SKU ID"
            }
        },
        {
            "CopyImage0b5d9a25cec1b4a": {
                "@class": "com.viz.ide.model.segment.ImageSegmentData",
                "src": "cross.jpg"
            },
            "CopyImage0b9e4270528ae45": {
                "@class": "com.viz.ide.model.segment.ImageSegmentData",
                "src": "tick.png"
            },
            "CopyLabel0a4721bc1be964e": {
                "@class": "com.viz.ide.model.segment.SimpleTextSegmentData",
                "text": "Stock"
            },
            "CopyLabel0ac775376e26c4e": {
                "@class": "com.viz.ide.model.segment.SimpleTextSegmentData",
                "text": "Category"
            },
            "CopyLabel0b7c93f33c0e148": {
                "@class": "com.viz.ide.model.segment.SimpleTextSegmentData",
                "text": "Enriched QTY"
            },
            "CopyLabel0d7f854fb40f746": {
                "@class": "com.viz.ide.model.segment.SimpleTextSegmentData",
                "text": "Status"
            },
            "CopyLabel0ed0fc93427ed46": {
                "@class": "com.viz.ide.model.segment.SimpleTextSegmentData",
                "text": "Requested"
            },
            "CopyLabel0h140a4d033144e": {
                "@class": "com.viz.ide.model.segment.SimpleTextSegmentData",
                "text": "Name"
            },
            "CopyLabel0hbbc7474e2d94a": {
                "@class": "com.viz.ide.model.segment.SimpleTextSegmentData",
                "text": "Requested By"
            },
            "CopyLabel0hfa3918b88ca44": {
                "@class": "com.viz.ide.model.segment.SimpleTextSegmentData",
                "text": "Forecasted"
            },
            "CopyLabel0j137a4eb15b24c": {
                "@class": "com.viz.ide.model.segment.SimpleTextSegmentData",
                "text": "Requested date"
            },
            "Image0f546f4cd61574a": {
                "@class": "com.viz.ide.model.segment.ImageSegmentData",
                "src": "eye.png"
            },
            "Label0ee69e19d962e44": {
                "@class": "com.viz.ide.model.segment.SimpleTextSegmentData",
                "text": "SKU ID"
            }
        },
        {
            "CopyImage0b5d9a25cec1b4a": {
                "@class": "com.viz.ide.model.segment.ImageSegmentData",
                "src": "cross.jpg"
            },
            "CopyImage0b9e4270528ae45": {
                "@class": "com.viz.ide.model.segment.ImageSegmentData",
                "src": "tick.png"
            },
            "CopyLabel0a4721bc1be964e": {
                "@class": "com.viz.ide.model.segment.SimpleTextSegmentData",
                "text": "Stock"
            },
            "CopyLabel0ac775376e26c4e": {
                "@class": "com.viz.ide.model.segment.SimpleTextSegmentData",
                "text": "Category"
            },
            "CopyLabel0b7c93f33c0e148": {
                "@class": "com.viz.ide.model.segment.SimpleTextSegmentData",
                "text": "Enriched QTY"
            },
            "CopyLabel0d7f854fb40f746": {
                "@class": "com.viz.ide.model.segment.SimpleTextSegmentData",
                "text": "Status"
            },
            "CopyLabel0ed0fc93427ed46": {
                "@class": "com.viz.ide.model.segment.SimpleTextSegmentData",
                "text": "Requested"
            },
            "CopyLabel0h140a4d033144e": {
                "@class": "com.viz.ide.model.segment.SimpleTextSegmentData",
                "text": "Name"
            },
            "CopyLabel0hbbc7474e2d94a": {
                "@class": "com.viz.ide.model.segment.SimpleTextSegmentData",
                "text": "Requested By"
            },
            "CopyLabel0hfa3918b88ca44": {
                "@class": "com.viz.ide.model.segment.SimpleTextSegmentData",
                "text": "Forecasted"
            },
            "CopyLabel0j137a4eb15b24c": {
                "@class": "com.viz.ide.model.segment.SimpleTextSegmentData",
                "text": "Requested date"
            },
            "Image0f546f4cd61574a": {
                "@class": "com.viz.ide.model.segment.ImageSegmentData",
                "src": "eye.png"
            },
            "Label0ee69e19d962e44": {
                "@class": "com.viz.ide.model.segment.SimpleTextSegmentData",
                "text": "SKU ID"
            }
        },
        {
            "CopyImage0b5d9a25cec1b4a": {
                "@class": "com.viz.ide.model.segment.ImageSegmentData",
                "src": "cross.jpg"
            },
            "CopyImage0b9e4270528ae45": {
                "@class": "com.viz.ide.model.segment.ImageSegmentData",
                "src": "tick.png"
            },
            "CopyLabel0a4721bc1be964e": {
                "@class": "com.viz.ide.model.segment.SimpleTextSegmentData",
                "text": "Stock"
            },
            "CopyLabel0ac775376e26c4e": {
                "@class": "com.viz.ide.model.segment.SimpleTextSegmentData",
                "text": "Category"
            },
            "CopyLabel0b7c93f33c0e148": {
                "@class": "com.viz.ide.model.segment.SimpleTextSegmentData",
                "text": "Enriched QTY"
            },
            "CopyLabel0d7f854fb40f746": {
                "@class": "com.viz.ide.model.segment.SimpleTextSegmentData",
                "text": "Status"
            },
            "CopyLabel0ed0fc93427ed46": {
                "@class": "com.viz.ide.model.segment.SimpleTextSegmentData",
                "text": "Requested"
            },
            "CopyLabel0h140a4d033144e": {
                "@class": "com.viz.ide.model.segment.SimpleTextSegmentData",
                "text": "Name"
            },
            "CopyLabel0hbbc7474e2d94a": {
                "@class": "com.viz.ide.model.segment.SimpleTextSegmentData",
                "text": "Requested By"
            },
            "CopyLabel0hfa3918b88ca44": {
                "@class": "com.viz.ide.model.segment.SimpleTextSegmentData",
                "text": "Forecasted"
            },
            "CopyLabel0j137a4eb15b24c": {
                "@class": "com.viz.ide.model.segment.SimpleTextSegmentData",
                "text": "Requested date"
            },
            "Image0f546f4cd61574a": {
                "@class": "com.viz.ide.model.segment.ImageSegmentData",
                "src": "eye.png"
            },
            "Label0ee69e19d962e44": {
                "@class": "com.viz.ide.model.segment.SimpleTextSegmentData",
                "text": "SKU ID"
            }
        },
        {
            "CopyImage0b5d9a25cec1b4a": {
                "@class": "com.viz.ide.model.segment.ImageSegmentData",
                "src": "cross.jpg"
            },
            "CopyImage0b9e4270528ae45": {
                "@class": "com.viz.ide.model.segment.ImageSegmentData",
                "src": "tick.png"
            },
            "CopyLabel0a4721bc1be964e": {
                "@class": "com.viz.ide.model.segment.SimpleTextSegmentData",
                "text": "Stock"
            },
            "CopyLabel0ac775376e26c4e": {
                "@class": "com.viz.ide.model.segment.SimpleTextSegmentData",
                "text": "Category"
            },
            "CopyLabel0b7c93f33c0e148": {
                "@class": "com.viz.ide.model.segment.SimpleTextSegmentData",
                "text": "Enriched QTY"
            },
            "CopyLabel0d7f854fb40f746": {
                "@class": "com.viz.ide.model.segment.SimpleTextSegmentData",
                "text": "Status"
            },
            "CopyLabel0ed0fc93427ed46": {
                "@class": "com.viz.ide.model.segment.SimpleTextSegmentData",
                "text": "Requested"
            },
            "CopyLabel0h140a4d033144e": {
                "@class": "com.viz.ide.model.segment.SimpleTextSegmentData",
                "text": "Name"
            },
            "CopyLabel0hbbc7474e2d94a": {
                "@class": "com.viz.ide.model.segment.SimpleTextSegmentData",
                "text": "Requested By"
            },
            "CopyLabel0hfa3918b88ca44": {
                "@class": "com.viz.ide.model.segment.SimpleTextSegmentData",
                "text": "Forecasted"
            },
            "CopyLabel0j137a4eb15b24c": {
                "@class": "com.viz.ide.model.segment.SimpleTextSegmentData",
                "text": "Requested date"
            },
            "Image0f546f4cd61574a": {
                "@class": "com.viz.ide.model.segment.ImageSegmentData",
                "src": "eye.png"
            },
            "Label0ee69e19d962e44": {
                "@class": "com.viz.ide.model.segment.SimpleTextSegmentData",
                "text": "SKU ID"
            }
        }
    ],
    "_height_": {
        "type": "string",
        "value": "90%"
    },
    "_indicator_": "none",
    "_left_": {
        "type": "string",
        "value": "0%"
    },
    "_margin_": [
        0,
        0,
        0,
        0
    ],
    "_orientation_": 2,
    "_padding_": [
        0,
        0,
        0,
        0
    ],
    "_top_": {
        "type": "string",
        "value": "0%"
    },
    "_width_": {
        "type": "string",
        "value": "100%"
    },
    "actionsInfo": {
        "dataPropertyName": "records",
        "eventAssociationMeta": {
            "event": "onRowClick",
            "skipMapping": true
        },
        "widgetPropertyName": "rowData"
    },
    "alternaterowskin": "s0ac9cdcd5484440a9c4b863422bb4ec",
    "autogrowmode": 0,
    "canUpdateUI": true,
    "containerweight": 100,
    "counter": "09",
    "focusedindex": null,
    "focuseditem": null,
    "generatedtemplate": "b5f5ace415884eb0838dc4019390aea7",
    "groupcells": false,
    "hasSections": false,
    "id": "segDemandRequest",
    "info": null,
    "ipad": {
        "psp": {
            "indicator": "rowselect"
        }
    },
    "iphone": {
        "psp": {
            "indicator": "rowselect"
        }
    },
    "iscustomlayout": false,
    "isvisible": true,
    "kuid": "a14c722083c1430a89cf089dc81679ad",
    "masterdata": {},
    "name": "kony.ui.SegmentedUI2",
    "needpageindicator": false,
    "pageoffdotimage": "pageoffdot.png",
    "pageondotimage": "pageondot.png",
    "paginationconfig": {
        "vdistance": 1
    },
    "parent": "flexHeaderDemandRequest",
    "pf": "DemandRequestFrm",
    "retaincontentalignment": false,
    "retainflexpositionproperties": false,
    "retainselection": false,
    "rowTemplateId": "c807b688a6b342a29a1622c174c4eeff",
    "rowcounter": 9,
    "rowfocusskin": "saf2f87835b1465b9bd1c6c30c7b29c9",
    "rowskin": "s416a1b7020e4404bf4c5f0ac54f015e",
    "rowtemplate": "Flex0f834108d4cc042",
    "seccounter": 0,
    "sectionHeaderTemplateId": null,
    "sectionheaderskin": "s0813b4200ce43f1a1a3fff39aad210f",
    "selectedRows": null,
    "selectedState": false,
    "selectedindex": null,
    "selectedindices": null,
    "selecteditems": null,
    "selectedsectionindex": 0,
    "selectionbehavior": "default",
    "selectionbehaviorconfig": null,
    "separatorcolor": "aaaaaa00",
    "separatorrequired": false,
    "separatorthickness": 1,
    "showscrollbars": true,
    "swipeContext": {
        "currentPage": 0,
        "imageWidth": 1138,
        "widthRatio": 0
    },
    "viewtype": "tableview",
    "vizProps": {},
    "wType": "Segment",
    "widgetalignment": 5,
    "widgetdatamap": {
        "CopyImage0b5d9a25cec1b4a": "CopyImage0b5d9a25cec1b4a",
        "CopyImage0b9e4270528ae45": "CopyImage0b9e4270528ae45",
        "CopyLabel0a4721bc1be964e": "CopyLabel0a4721bc1be964e",
        "CopyLabel0ac775376e26c4e": "CopyLabel0ac775376e26c4e",
        "CopyLabel0b7c93f33c0e148": "CopyLabel0b7c93f33c0e148",
        "CopyLabel0d7f854fb40f746": "CopyLabel0d7f854fb40f746",
        "CopyLabel0ed0fc93427ed46": "CopyLabel0ed0fc93427ed46",
        "CopyLabel0h140a4d033144e": "CopyLabel0h140a4d033144e",
        "CopyLabel0hbbc7474e2d94a": "CopyLabel0hbbc7474e2d94a",
        "CopyLabel0hfa3918b88ca44": "CopyLabel0hfa3918b88ca44",
        "CopyLabel0j137a4eb15b24c": "CopyLabel0j137a4eb15b24c",
        "Flex0f834108d4cc042": "Flex0f834108d4cc042",
        "Image0f546f4cd61574a": "Image0f546f4cd61574a",
        "Label0ee69e19d962e44": "Label0ee69e19d962e44"
    }
}