{
    "@class": "com.kony.gen.viz.model.component.KVizLabel",
    "DNDConfig": null,
    "_bottom_": {
        "type": "string",
        "value": "0dp"
    },
    "_left_": {
        "type": "string",
        "value": "0%"
    },
    "_margin_": [
        1,
        1,
        1,
        1
    ],
    "_padding_": [
        1,
        1,
        0,
        1
    ],
    "_skin_": "s95fd57881de49ff9bf520bd96a6e95b",
    "_text_": "Variance",
    "_top_": {
        "type": "string",
        "value": "5dp"
    },
    "_width_": {
        "type": "string",
        "value": "24.5%"
    },
    "_wrapping_": 2,
    "actionsInfo": {
        "dataCollectionId": "records",
        "dataPropertyName": "Variance",
        "widgetPropertyName": "text"
    },
    "android": {
        "textStyle": {
            "letterSpacing": 0,
            "strikeThrough": false
        }
    },
    "canUpdateUI": true,
    "containerId": true,
    "containerweight": 100,
    "contentalignment": 4,
    "id": "lblVariance1",
    "info": null,
    "ipad": {
        "psp": {
            "wrapping": 2
        }
    },
    "iphone": {
        "psp": {
            "wrapping": 2
        }
    },
    "iscustomlayout": false,
    "isvisible": true,
    "kuid": "fba8da0f090e460083c3c743c0900c87",
    "name": "kony.ui.Label",
    "parent": "CopyFBoxProductline0cfaf586391c248",
    "pf": "CopyFBoxProductline0cfaf586391c248",
    "retaincontentalignment": false,
    "retainflexpositionproperties": false,
    "tooltip": "",
    "wType": "Label"
}