{
    "DNDConfig": null,
    "_height_": {
        "type": "string",
        "value": "75dp"
    },
    "_left_": {
        "type": "string",
        "value": "0dp"
    },
    "_margin_": [
        0,
        0,
        0,
        0
    ],
    "_orientation_": 6,
    "_padding_": [
        0,
        0,
        0,
        0
    ],
    "_percent_": true,
    "_skin_": "s8c7496960954fe2ac011b871ad3086c",
    "_top_": {
        "type": "string",
        "value": "0dp"
    },
    "_width_": {
        "type": "string",
        "value": "100%"
    },
    "allboxes": [],
    "autogrowmode": 0,
    "canUpdateUI": true,
    "children": [
        "imgMenuOption",
        "lblMenuOption",
        "Imgarrow"
    ],
    "clipbounds": false,
    "containerId": true,
    "containerweight": 100,
    "controllerInfo": {
        "default": {
            "channel": "desktop",
            "name": "myflxSegRowWithImageAndLabelController"
        }
    },
    "enablescrolling": true,
    "id": "myflxSegRowWithImageAndLabel",
    "info": null,
    "isTemplate": true,
    "iscustomlayout": false,
    "isvisible": true,
    "kuid": "gf178bf978c14d03923c79a3f1354d76",
    "layouttype": 3,
    "name": "kony.ui.FlexContainer",
    "parent": "mytplSegRowWithImageAndLabel",
    "pf": "mytplSegRowWithImageAndLabel",
    "retaincontentalignment": false,
    "retainflexpositionproperties": false,
    "retainflowhorizontalalignment": false,
    "snapgridsize": 10,
    "snaptogrid": true,
    "wType": "FlexContainer",
    "widgetalignment": 1
}