{
    "@class": "com.kony.gen.viz.model.container.KVizScrollFlexForm",
    "DNDConfig": null,
    "_margin_": [
        0,
        0,
        0,
        0
    ],
    "_orientation_": 1,
    "_padding_": [
        0,
        0,
        0,
        0
    ],
    "_percent_": true,
    "_skin_": "sde86b62ef46487c836c748e9c5e210a",
    "_title_": null,
    "addWidgetsdone": false,
    "allboxes": [],
    "breakpointInfo": {
        "b1": {
            "width": 1366
        },
        "b2": {
            "width": 1024
        },
        "b3": {
            "width": 640
        }
    },
    "canUpdateUI": true,
    "canvasWidth": 1200,
    "children": [
        "myflxSegRowWithImageAndLabel"
    ],
    "containerId": true,
    "containerweight": 100,
    "currentLocale": "default",
    "device": "desktopweb",
    "displayorientation": 3,
    "enabledforidletimeout": false,
    "id": "mytplSegRowWithImageAndLabel",
    "info": null,
    "initdone": false,
    "inputaccessoryviewtype": 4,
    "intransitionconfig": {
        "formTransition": "None"
    },
    "iscustomlayout": false,
    "isvisible": true,
    "kuid": "aa570ff5a1824107b761ad1cd5898397",
    "name": "kony.ui.Form2",
    "needappmenu": true,
    "outtransitionconfig": {
        "formTransition": "None"
    },
    "paddinginpixel": false,
    "platform": "desktopweb",
    "prevDevice": "desktopweb",
    "prevPlatform": "desktopweb",
    "retaincontentalignment": false,
    "retainflexpositionproperties": false,
    "retainscrollposition": false,
    "titlebar": true,
    "type": 3,
    "wType": "Form"
}