{
    "@class": "com.kony.gen.viz.model.component.KVizLabel",
    "DNDConfig": null,
    "_bottom_": {
        "type": "string",
        "value": "0dp"
    },
    "_left_": {
        "type": "string",
        "value": "0%"
    },
    "_margin_": [
        1,
        1,
        1,
        1
    ],
    "_padding_": [
        1,
        1,
        0,
        1
    ],
    "_skin_": "s3fe2a37c07e4094af81a37b8f5b8549",
    "_text_": "Forcasted",
    "_top_": {
        "type": "string",
        "value": "5dp"
    },
    "_width_": {
        "type": "string",
        "value": "24.5%"
    },
    "_wrapping_": 2,
    "actionsInfo": {
        "dataCollectionId": "records",
        "dataPropertyName": "Forcasted",
        "widgetPropertyName": "text"
    },
    "android": {
        "textStyle": {
            "letterSpacing": 0,
            "strikeThrough": false
        }
    },
    "canUpdateUI": true,
    "containerId": true,
    "containerweight": 100,
    "contentalignment": 4,
    "id": "lblForcasted1",
    "info": null,
    "ipad": {
        "psp": {
            "wrapping": 2
        }
    },
    "iphone": {
        "psp": {
            "wrapping": 2
        }
    },
    "iscustomlayout": false,
    "isvisible": true,
    "kuid": "c0c91baedaff489ebb075422d5ab450d",
    "name": "kony.ui.Label",
    "parent": "CopyFBoxProductline0b4828ae3534343",
    "pf": "CopyFBoxProductline0b4828ae3534343",
    "retaincontentalignment": false,
    "retainflexpositionproperties": false,
    "tooltip": "",
    "wType": "Label"
}