{
  "android": {
    "font_name": "default",
    "font_size": 119,
    "isForked": false
  },
  "androidwearos": {
    "font_name": "default",
    "font_size": 119,
    "isForked": false
  },
  "background_color": "00000000",
  "bg_type": "one",
  "border_color": "424242ff",
  "border_style": "plain",
  "border_type": 0,
  "border_width": 0,
  "desktopweb": {
    "font_name": "Helvetica",
    "font_size": 119,
    "isForked": false
  },
  "fontSizeInPx": false,
  "font_color": "333333ff",
  "font_name": "iphoneSystem",
  "font_size": 119,
  "font_style": "normal",
  "font_weight": "400",
  "ipad": {
    "font_name": "System",
    "font_size": 119,
    "isForked": false
  },
  "iphone": {
    "font_name": "System",
    "font_size": 119,
    "isForked": false
  },
  "isDefaultSkin": false,
  "kiosk": {
    "font_name": "Helvetica",
    "font_size": 119,
    "isForked": false
  },
  "kuid": "s2364fbe9b0e4b09b138480e94eeff89",
  "nativemac": {
    "font_name": "Helvetica",
    "font_size": 119,
    "isForked": false
  },
  "nativewin": {
    "font_name": "Helvetica",
    "font_size": 119,
    "isForked": false
  },
  "spaan": {
    "font_name": "Helvetica",
    "font_size": 119,
    "isForked": false
  },
  "spaandroidtablet": {
    "font_name": "Helvetica",
    "font_size": 119,
    "isForked": false
  },
  "spaip": {
    "font_name": "Helvetica",
    "font_size": 119,
    "isForked": false
  },
  "spaipad": {
    "font_name": "Helvetica",
    "font_size": 119,
    "isForked": false
  },
  "spawindowstablet": {
    "font_name": "Helvetica",
    "font_size": 119,
    "isForked": false
  },
  "spawinphone8": {
    "font_name": "Helvetica",
    "font_size": 119,
    "isForked": false
  },
  "tabrcandroid": {
    "font_name": "default",
    "font_size": 119,
    "isForked": false
  },
  "wType": "Label",
  "watchos": {
    "font_name": "System",
    "font_size": 119,
    "isForked": false
  },
  "windows8": {
    "font_name": "None",
    "font_size": 119,
    "isForked": false
  },
  "winphone8": {
    "font_name": "None",
    "font_size": 119,
    "isForked": false
  }
}