{
    "splashScreen": {
        "desktop": {
            "desktopweb": {},
            "kiosk": {}
        },
        "mobile": {
            "android": {},
            "iphone": {
                "splashConfig": {
                    "_skin_": "sfbe0b910dfe4363bf286a9d2ada7748",
                    "children": [
                        {
                            "UIElementType": "Image",
                            "_height_": {
                                "type": "string",
                                "value": "100%"
                            },
                            "_left_": {
                                "type": "string",
                                "value": "0dp"
                            },
                            "_src_": "splash.png",
                            "_top_": {
                                "type": "string",
                                "value": "0dp"
                            },
                            "_width_": {
                                "type": "string",
                                "value": "100%"
                            },
                            "contentmode": 0,
                            "id": "splashImage",
                            "isvisible": true,
                            "kuid": "db349f1d7ec547f0a686079bee223ac8",
                            "wType": "Image"
                        }
                    ]
                }
            },
            "spa": {},
            "spaan": {},
            "spabb": {},
            "spaip": {},
            "spawinphone8": {},
            "winphone10": {},
            "winphone8": {}
        },
        "tablet": {
            "android": {},
            "ipad": {
                "landscape": {},
                "splashConfig": {
                    "_skin_": "sfbe0b910dfe4363bf286a9d2ada7748",
                    "children": [
                        {
                            "UIElementType": "Image",
                            "_height_": {
                                "type": "string",
                                "value": "100%"
                            },
                            "_left_": {
                                "type": "string",
                                "value": "0dp"
                            },
                            "_src_": "splash.png",
                            "_top_": {
                                "type": "string",
                                "value": "0dp"
                            },
                            "_width_": {
                                "type": "string",
                                "value": "100%"
                            },
                            "contentmode": 0,
                            "id": "splashImage",
                            "isvisible": true,
                            "kuid": "h4430297896440e096f5247f337d6e33",
                            "wType": "Image"
                        }
                    ]
                }
            },
            "spa": {},
            "spaandroidtablet": {},
            "spaipad": {},
            "spawindowstablet": {},
            "windows8": {}
        }
    }
}