{
  "operationConfig" : {
    "name" : "createDemandRequest9293",
    "type" : "MappedToBackend",
    "cachable" : false,
    "smsEnabled" : false,
    "security" : "authorized_app_user",
    "responseEncoding" : "UTF-8",
    "httpMethod" : "GET",
    "decodeResponseBody" : false,
    "referencingEndpoint" : "default",
    "applyCommonMapping" : true,
    "applyRequestCommonMapping" : true,
    "applyResponseCommonMapping" : true,
    "opcode" : "create",
    "relationshipHierarchyMapping" : {
      "children" : [ ],
      "name" : "DemandRequest",
      "actions" : {
        "partialupdate" : true,
        "create" : true,
        "update" : true
      },
      "selected" : true
    },
    "requestXmlMappingOverride" : false,
    "responseXmlMappingOverride" : false
  },
  "enableFrontendUrl" : false,
  "customVerb" : false
}