{
    "@class": "com.kony.gen.viz.model.component.KVizImage2",
    "DNDConfig": null,
    "_base64_": null,
    "_height_": {
        "type": "string",
        "value": "52dp"
    },
    "_left_": {
        "type": "string",
        "value": "6dp"
    },
    "_margin_": [
        0,
        0,
        0,
        0
    ],
    "_padding_": [
        0,
        0,
        0,
        0
    ],
    "_skin_": "s736638023f748269968efbe81ba2a6e",
    "_src_": "imagedrag.png",
    "_top_": {
        "type": "string",
        "value": "0dp"
    },
    "_width_": {
        "type": "string",
        "value": "35dp"
    },
    "canUpdateUI": true,
    "containerId": true,
    "containerweight": 100,
    "id": "img1",
    "imagescalemode": 1,
    "imagewhenfailed": "eye.png",
    "imagewhiledownloading": "eye.png",
    "info": null,
    "invokedProperty": "imageWhenFailed",
    "iscustomlayout": false,
    "isvisible": true,
    "kuid": "iaa9783e5d4d4ee0b4de63f6876531bb",
    "name": "kony.ui.Image2",
    "parent": "CopyFBoxDemandRequest0ea77f446c59041",
    "pf": "CopyFBoxDemandRequest0ea77f446c59041",
    "retaincontentalignment": false,
    "retainflexpositionproperties": false,
    "srcType": 1,
    "wType": "Image",
    "widgetalignment": 5,
    "zindex": 1
}