{
    "@class": "com.kony.gen.viz.model.component.KVizLabel",
    "DNDConfig": null,
    "_bottom_": {
        "type": "string",
        "value": "0dp"
    },
    "_left_": {
        "type": "string",
        "value": "0%"
    },
    "_margin_": [
        1,
        1,
        1,
        1
    ],
    "_padding_": [
        1,
        1,
        0,
        1
    ],
    "_skin_": "s1d898db12fd45b985cb2cea244b5b4a",
    "_text_": "RequestDate",
    "_top_": {
        "type": "string",
        "value": "5dp"
    },
    "_width_": {
        "type": "string",
        "value": "9.5%"
    },
    "_wrapping_": 2,
    "actionsInfo": {
        "dataCollectionId": "records",
        "dataPropertyName": "RequestDate",
        "widgetPropertyName": "text"
    },
    "android": {
        "textStyle": {
            "letterSpacing": 0,
            "strikeThrough": false
        }
    },
    "canUpdateUI": true,
    "containerId": true,
    "containerweight": 100,
    "contentalignment": 4,
    "id": "lblRequestDate1",
    "info": null,
    "ipad": {
        "psp": {
            "wrapping": 2
        }
    },
    "iphone": {
        "psp": {
            "wrapping": 2
        }
    },
    "iscustomlayout": false,
    "isvisible": true,
    "kuid": "h7908ed8f1ac436fa31d64317950c482",
    "name": "kony.ui.Label",
    "parent": "CopyFBoxDemandRequest0ea77f446c59041",
    "pf": "CopyFBoxDemandRequest0ea77f446c59041",
    "retaincontentalignment": false,
    "retainflexpositionproperties": false,
    "tooltip": "",
    "wType": "Label"
}