{
    "@class": "com.kony.gen.viz.model.component.KVizLabel",
    "DNDConfig": null,
    "_bottom_": {
        "type": "string",
        "value": "0dp"
    },
    "_left_": {
        "type": "string",
        "value": "0%"
    },
    "_margin_": [
        1,
        1,
        1,
        1
    ],
    "_padding_": [
        1,
        1,
        0,
        1
    ],
    "_skin_": "s19acbd73ea847548b51d645281195af",
    "_text_": "Variance",
    "_top_": {
        "type": "string",
        "value": "5dp"
    },
    "_width_": {
        "type": "string",
        "value": "24.5%"
    },
    "_wrapping_": 2,
    "actionsInfo": {
        "dataCollectionId": "records",
        "dataPropertyName": "Variance",
        "widgetPropertyName": "text"
    },
    "android": {
        "textStyle": {
            "letterSpacing": 0,
            "strikeThrough": false
        }
    },
    "canUpdateUI": true,
    "containerId": true,
    "containerweight": 100,
    "contentalignment": 4,
    "id": "lblVariance1",
    "info": null,
    "ipad": {
        "psp": {
            "wrapping": 2
        }
    },
    "iphone": {
        "psp": {
            "wrapping": 2
        }
    },
    "iscustomlayout": false,
    "isvisible": true,
    "kuid": "dc76f204860545d5be87ab5203a477a8",
    "name": "kony.ui.Label",
    "parent": "CopyFBoxProductline0he56704eefde49",
    "pf": "CopyFBoxProductline0he56704eefde49",
    "retaincontentalignment": false,
    "retainflexpositionproperties": false,
    "tooltip": "",
    "wType": "Label"
}