{
    "AS_Form_c8de775696514eb9bbcf08e92d502192": {
        "id": "AS_Form_c8de775696514eb9bbcf08e92d502192",
        "type": "ACTION_SEQUENCE",
        "params": [{
            "datatype": "collection",
            "name": "eventobject"
        }],
        "contextObj": {
            "name": "DemandRequestFrm",
            "type": "forms",
            "platform": "",
            "KUID": "a1716dc115ec46f7b708dd80999458a8"
        },
        "language": "js",
        "eventType": "onMapping",
        "actions": [{
            "id": "LOADING_INDICATOR_c9b32d5190e3474e84e39e63efe9fe4d",
            "selectedOption": "show",
            "parentId": null,
            "type": "LOADING_INDICATOR",
            "callbackType": null,
            "skin": "none",
            "position": "constants.LOADING_SCREEN_POSITION_FULL_SCREEN",
            "isBlocked": "true",
            "showProgressIndicator": "true"
        }, {
            "id": "INVOKE_SERVICE_fd4b57fa4b154100a289d6a3c7de21f4",
            "type": "INVOKE_OBJECT_SERVICE",
            "inputparams": null,
            "httpheaders": null,
            "httpconfigs": null,
            "isasynchronous": null,
            "isoffline": null,
            "isobject": true,
            "mappings": {},
            "mappingsOrder": [],
            "serviceconfig": {
                "servicename": "SKUDemandRequests",
                "type": "objectsvcs",
                "objectname": "DemandRequest",
                "serviceid": "5d4e511d-db69-4f7e-9f71-a0bfc8c87fcf",
                "methodname": "get"
            },
            "parentId": null,
            "callbackType": null,
            "enableMappingEditor": true
        }, {
            "id": "LOADING_INDICATOR_b470ad921fd443f2b3ebb2fafacb3242",
            "selectedOption": "dismiss",
            "parentId": "INVOKE_SERVICE_fd4b57fa4b154100a289d6a3c7de21f4",
            "type": "LOADING_INDICATOR",
            "callbackType": "Callback",
            "skin": "none",
            "position": "constants.LOADING_SCREEN_POSITION_FULL_SCREEN",
            "isBlocked": "true",
            "showProgressIndicator": "true"
        }, {
            "id": "_de5a6e1c9b564db580f21e4db1298c53",
            "type": "IF_CONDITION",
            "conditions": [{
                "leftValueType": "value",
                "leftValue": "DemandRequest.opstatus",
                "operator": "===",
                "rightValueType": "value",
                "rightValue": "0"
            }],
            "parentId": "INVOKE_SERVICE_fd4b57fa4b154100a289d6a3c7de21f4",
            "callbackType": "Callback",
            "criteria": "all"
        }, {
            "id": "_df95d67e6cf64f97b0fe25ff7559601a",
            "type": "ELSE_CONDITION",
            "conditions": [{
                "leftValueType": "widgetprop",
                "leftValue": "",
                "operator": "===",
                "rightValueType": "widgetprop",
                "rightValue": ""
            }],
            "parentId": "INVOKE_SERVICE_fd4b57fa4b154100a289d6a3c7de21f4",
            "callbackType": "Callback",
            "criteria": "all"
        }, {
            "id": "SHOW_ALERT_f8d31ef794904e709d9952753d0b2683",
            "type": "SHOW_ALERT",
            "alertType": "constants.ALERT_TYPE_INFO",
            "alertMessage": "Data fetch failed try again later",
            "messageType": "constant",
            "parentId": "_df95d67e6cf64f97b0fe25ff7559601a",
            "callbackType": null,
            "alertTitlei18n": null,
            "yesLabeli18n": null,
            "noLabeli18n": null,
            "alertMessagei18n": null,
            "iconPosition": "constants.ALERT_ICON_POSITION_LEFT",
            "disabled": null
        }, {
            "id": "ADD_MAPPING_ba80f2a14ab24a389e1b7ed4e8b683b7",
            "type": "ADD_MAPPING",
            "mappings": {
                "ME_Mapping_f045a07a5f7a4f478ff47349e3e2de15": {
                    "channel": "desktop",
                    "id": "ME_Mapping_f045a07a5f7a4f478ff47349e3e2de15",
                    "type": "MAPPING",
                    "callbackType": null,
                    "rectified": true,
                    "source": {
                        "type": "Services",
                        "propertyName": "records",
                        "dataType": "collection",
                        "forkedPlatform": "all",
                        "serviceconfig": {
                            "servicename": "SKUDemandRequests",
                            "type": "objectsvcs",
                            "objectname": "DemandRequest",
                            "serviceid": "5d4e511d-db69-4f7e-9f71-a0bfc8c87fcf",
                            "methodname": "get"
                        }
                    },
                    "target": {
                        "type": "Forms",
                        "propertyName": "rowData",
                        "widgetId": "segDemandRequest",
                        "widgetPath": "this.view.segDemandRequest",
                        "widgetType": "Segment",
                        "dataType": "collection",
                        "itemId": "DemandRequestFrm",
                        "collectionId": "masterdata",
                        "widgetKUID": "a14c722083c1430a89cf089dc81679ad",
                        "itemKUID": "a1716dc115ec46f7b708dd80999458a8",
                        "forkedPlatform": "all"
                    }
                }
            },
            "mappingsOrder": ["ME_Mapping_f045a07a5f7a4f478ff47349e3e2de15"],
            "parentId": "_de5a6e1c9b564db580f21e4db1298c53",
            "callbackType": null,
            "enableMappingEditor": true
        }, {
            "id": "ADD_SNIPPET_hc64a9bd5cf74597aa83a32d924c33ae",
            "type": "ADD_SNIPPET",
            "codeSnippet": "if ([640].indexOf(kony.application.getCurrentBreakpoint()) !== -1) {\n    var templateId = self.view.segDemandRequest.rowTemplate;\n    self.view.segDemandRequest.data.forEach(function(row) {\n        row[templateId] = {\n            layoutType: kony.flex.FLOW_VERTICAL\n        };\n        Object.keys(row).forEach(function(key) {\n            if (key.includes(\"lbl\")) {\n                row[key].width = '80%';\n                row[key].height = kony.flex.USE_PREFERRED_SIZE;\n            }\n        });\n    });\n    var clonedWidgetDataMap = self.view.segDemandRequest.widgetDataMap;\n    clonedWidgetDataMap[templateId] = templateId;\n    self.view.segDemandRequest.widgetDataMap = clonedWidgetDataMap;\n    self.view.segDemandRequest.setData(self.view.segDemandRequest.data);\n    self.view.forceLayout();\n}",
            "parentId": "_de5a6e1c9b564db580f21e4db1298c53",
            "callbackType": null
        }, {
            "id": "INVOKE_FUNCTION__b9d7a9a00757417381b71d95e4f3435f",
            "type": "INVOKE_FUNCTION",
            "sequenceKUID": "pieChartFromSegment",
            "display": "<>",
            "inputparams": [],
            "parentId": "_de5a6e1c9b564db580f21e4db1298c53",
            "callbackType": null,
            "disabled": null,
            "source": "controller"
        }]
    }
}