{
    "AS_Form_f64d7f47efa940a5b1bc508ff3d586d8": {
        "id": "AS_Form_f64d7f47efa940a5b1bc508ff3d586d8",
        "type": "ACTION_SEQUENCE",
        "params": [{
            "datatype": "collection",
            "name": "eventobject"
        }],
        "contextObj": {
            "name": "DemandRequestFrm",
            "type": "forms",
            "platform": "",
            "KUID": "a1716dc115ec46f7b708dd80999458a8"
        },
        "language": "js",
        "eventType": "onMapping",
        "actions": [{
            "id": "LOADING_INDICATOR_ib7c6cb447124d53922897ec333427db",
            "selectedOption": "show",
            "parentId": null,
            "type": "LOADING_INDICATOR",
            "callbackType": null,
            "skin": "none",
            "position": "constants.LOADING_SCREEN_POSITION_FULL_SCREEN",
            "isBlocked": "true",
            "showProgressIndicator": "true"
        }, {
            "id": "INVOKE_SERVICE_d18a243af4164ed784f3e4d1233ea35c",
            "type": "INVOKE_OBJECT_SERVICE",
            "inputparams": null,
            "httpheaders": null,
            "httpconfigs": null,
            "isasynchronous": null,
            "isoffline": null,
            "isobject": true,
            "mappings": {},
            "mappingsOrder": [],
            "serviceconfig": {
                "servicename": "SKUDemandRequests",
                "type": "objectsvcs",
                "objectname": "DemandRequest",
                "serviceid": "5d4e511d-db69-4f7e-9f71-a0bfc8c87fcf",
                "methodname": "get"
            },
            "parentId": null,
            "callbackType": null,
            "enableMappingEditor": true
        }, {
            "id": "LOADING_INDICATOR_a8c376db32324b669037fd96e1ea478f",
            "selectedOption": "dismiss",
            "parentId": "INVOKE_SERVICE_d18a243af4164ed784f3e4d1233ea35c",
            "type": "LOADING_INDICATOR",
            "callbackType": "Callback",
            "skin": "none",
            "position": "constants.LOADING_SCREEN_POSITION_FULL_SCREEN",
            "isBlocked": "true",
            "showProgressIndicator": "true"
        }, {
            "id": "_c57f53750caf42f8a6b4d454953d1487",
            "type": "IF_CONDITION",
            "conditions": [{
                "leftValueType": "value",
                "leftValue": "DemandRequest.opstatus",
                "operator": "===",
                "rightValueType": "value",
                "rightValue": "0"
            }],
            "parentId": "INVOKE_SERVICE_d18a243af4164ed784f3e4d1233ea35c",
            "callbackType": "Callback",
            "criteria": "all"
        }, {
            "id": "_j856595544024e50bfcc878127d5a76d",
            "type": "ELSE_CONDITION",
            "conditions": [{
                "leftValueType": "widgetprop",
                "leftValue": "",
                "operator": "===",
                "rightValueType": "widgetprop",
                "rightValue": ""
            }],
            "parentId": "INVOKE_SERVICE_d18a243af4164ed784f3e4d1233ea35c",
            "callbackType": "Callback",
            "criteria": "all"
        }, {
            "id": "SHOW_ALERT_d67d25feb45e49c286578ba5dc5ed014",
            "type": "SHOW_ALERT",
            "alertType": "constants.ALERT_TYPE_INFO",
            "alertMessage": "data fetch failed",
            "messageType": "constant",
            "parentId": "_j856595544024e50bfcc878127d5a76d",
            "callbackType": null,
            "alertTitlei18n": null,
            "yesLabeli18n": null,
            "noLabeli18n": null,
            "alertMessagei18n": null,
            "iconPosition": "constants.ALERT_ICON_POSITION_LEFT",
            "disabled": null
        }, {
            "id": "ADD_MAPPING_f09bc97d61664dd7803262934066d863",
            "type": "ADD_MAPPING",
            "mappings": {
                "ME_Mapping_ja97d164615148e4ace08fad5f2d3397": {
                    "channel": "desktop",
                    "id": "ME_Mapping_ja97d164615148e4ace08fad5f2d3397",
                    "type": "MAPPING",
                    "callbackType": null,
                    "rectified": true,
                    "source": {
                        "type": "Services",
                        "propertyName": "records",
                        "dataType": "collection",
                        "forkedPlatform": "all",
                        "serviceconfig": {
                            "servicename": "SKUDemandRequests",
                            "type": "objectsvcs",
                            "objectname": "DemandRequest",
                            "serviceid": "5d4e511d-db69-4f7e-9f71-a0bfc8c87fcf",
                            "methodname": "get"
                        }
                    },
                    "target": {
                        "type": "Forms",
                        "propertyName": "rowData",
                        "widgetId": "segDemandRequest",
                        "widgetPath": "this.view.segDemandRequest",
                        "widgetType": "Segment",
                        "dataType": "collection",
                        "itemId": "DemandRequestFrm",
                        "collectionId": "masterdata",
                        "widgetKUID": "a14c722083c1430a89cf089dc81679ad",
                        "itemKUID": "a1716dc115ec46f7b708dd80999458a8",
                        "forkedPlatform": "all"
                    }
                }
            },
            "mappingsOrder": ["ME_Mapping_ja97d164615148e4ace08fad5f2d3397"],
            "parentId": "_c57f53750caf42f8a6b4d454953d1487",
            "callbackType": null,
            "enableMappingEditor": true
        }, {
            "id": "ADD_SNIPPET_g39f8b5d81584d67a71383e2b7bd32c9",
            "type": "ADD_SNIPPET",
            "codeSnippet": "if ([640].indexOf(kony.application.getCurrentBreakpoint()) !== -1) {\n    var templateId = self.view.segDemandRequest.rowTemplate;\n    self.view.segDemandRequest.data.forEach(function(row) {\n        row[templateId] = {\n            layoutType: kony.flex.FLOW_VERTICAL\n        };\n        Object.keys(row).forEach(function(key) {\n            if (key.includes(\"lbl\")) {\n                row[key].width = '80%';\n                row[key].height = kony.flex.USE_PREFERRED_SIZE;\n            }\n        });\n    });\n    var clonedWidgetDataMap = self.view.segDemandRequest.widgetDataMap;\n    clonedWidgetDataMap[templateId] = templateId;\n    self.view.segDemandRequest.widgetDataMap = clonedWidgetDataMap;\n    self.view.segDemandRequest.setData(self.view.segDemandRequest.data);\n    self.view.forceLayout();\n}",
            "parentId": "_c57f53750caf42f8a6b4d454953d1487",
            "callbackType": null
        }, {
            "id": "INVOKE_FUNCTION__d42d2ee2fada40738f0e0129ab422fc5",
            "type": "INVOKE_FUNCTION",
            "sequenceKUID": "pieChartFromSegment",
            "display": "pieChartFromSegment",
            "inputparams": [],
            "parentId": "_c57f53750caf42f8a6b4d454953d1487",
            "callbackType": null,
            "disabled": null,
            "source": "controller"
        }]
    }
}