{
    "AS_Form_c9d44fb4d5ad4928932f0eeb9e353e07": {
        "id": "AS_Form_c9d44fb4d5ad4928932f0eeb9e353e07",
        "type": "ACTION_SEQUENCE",
        "params": [{
            "datatype": "collection",
            "name": "eventobject"
        }],
        "contextObj": {
            "name": "DemandRequestFrm",
            "type": "forms",
            "platform": "",
            "KUID": "a1716dc115ec46f7b708dd80999458a8"
        },
        "language": "js",
        "eventType": "onMapping",
        "actions": [{
            "id": "LOADING_INDICATOR_daf387efa1ee41469cf68cfa0cc011a7",
            "selectedOption": "show",
            "parentId": null,
            "type": "LOADING_INDICATOR",
            "callbackType": null,
            "skin": "none",
            "position": "constants.LOADING_SCREEN_POSITION_FULL_SCREEN",
            "isBlocked": "true",
            "showProgressIndicator": "true"
        }, {
            "id": "INVOKE_SERVICE_jaeb26165b184047aca6d7d11e45e1aa",
            "type": "INVOKE_OBJECT_SERVICE",
            "inputparams": null,
            "httpheaders": null,
            "httpconfigs": null,
            "isasynchronous": null,
            "isoffline": null,
            "isobject": true,
            "mappings": {},
            "mappingsOrder": [],
            "serviceconfig": {
                "servicename": "SKUDemandRequests",
                "type": "objectsvcs",
                "objectname": "DemandRequest",
                "serviceid": "5d4e511d-db69-4f7e-9f71-a0bfc8c87fcf",
                "methodname": "get"
            },
            "parentId": null,
            "callbackType": null,
            "enableMappingEditor": true
        }, {
            "id": "LOADING_INDICATOR_j0c9f431b5434e4b9244138671913957",
            "selectedOption": "dismiss",
            "parentId": "INVOKE_SERVICE_jaeb26165b184047aca6d7d11e45e1aa",
            "type": "LOADING_INDICATOR",
            "callbackType": "Callback",
            "skin": "none",
            "position": "constants.LOADING_SCREEN_POSITION_FULL_SCREEN",
            "isBlocked": "true",
            "showProgressIndicator": "true"
        }, {
            "id": "_e074e2821b61460a8198ec7965b3c26b",
            "type": "IF_CONDITION",
            "conditions": [{
                "leftValueType": "value",
                "leftValue": "DemandRequest.opstatus",
                "operator": "===",
                "rightValueType": "value",
                "rightValue": "0"
            }],
            "parentId": "INVOKE_SERVICE_jaeb26165b184047aca6d7d11e45e1aa",
            "callbackType": "Callback",
            "criteria": "all"
        }, {
            "id": "ADD_SNIPPET_g0964aa350c2483f9cc7f870470024db",
            "type": "ADD_SNIPPET",
            "codeSnippet": "taskData = DemandRequest.records;\nkony.print(\"taskData\"+JSON.stringify(taskData));",
            "parentId": "_e074e2821b61460a8198ec7965b3c26b",
            "callbackType": null
        }, {
            "id": "_d2efa15bbd0c412f9801e652a1ca11d8",
            "type": "ELSE_CONDITION",
            "conditions": [{
                "leftValueType": "widgetprop",
                "leftValue": "",
                "operator": "===",
                "rightValueType": "widgetprop",
                "rightValue": ""
            }],
            "parentId": "INVOKE_SERVICE_jaeb26165b184047aca6d7d11e45e1aa",
            "callbackType": "Callback",
            "criteria": "all"
        }, {
            "id": "SHOW_ALERT_b9d577f648ff446bba1ae44b749551b6",
            "type": "SHOW_ALERT",
            "alertType": "constants.ALERT_TYPE_INFO",
            "alertMessage": "failed to fetch data",
            "messageType": "constant",
            "parentId": "_d2efa15bbd0c412f9801e652a1ca11d8",
            "callbackType": null,
            "alertTitlei18n": null,
            "yesLabeli18n": null,
            "noLabeli18n": null,
            "alertMessagei18n": null,
            "iconPosition": "constants.ALERT_ICON_POSITION_LEFT",
            "disabled": null
        }, {
            "id": "ADD_MAPPING_ec5a2c590a374278bf5d1ed42ca5f138",
            "type": "ADD_MAPPING",
            "mappings": {
                "ME_Mapping_a2ce3ca11bfa427091dadd227874ba3d": {
                    "channel": "desktop",
                    "id": "ME_Mapping_a2ce3ca11bfa427091dadd227874ba3d",
                    "type": "MAPPING",
                    "callbackType": null,
                    "rectified": true,
                    "source": {
                        "type": "Services",
                        "propertyName": "records",
                        "dataType": "collection",
                        "forkedPlatform": "all",
                        "serviceconfig": {
                            "servicename": "SKUDemandRequests",
                            "type": "objectsvcs",
                            "objectname": "DemandRequest",
                            "serviceid": "5d4e511d-db69-4f7e-9f71-a0bfc8c87fcf",
                            "methodname": "get"
                        }
                    },
                    "target": {
                        "type": "Forms",
                        "propertyName": "rowData",
                        "widgetId": "segDemandRequest",
                        "widgetPath": "this.view.segDemandRequest",
                        "widgetType": "Segment",
                        "dataType": "collection",
                        "itemId": "DemandRequestFrm",
                        "collectionId": "masterdata",
                        "widgetKUID": "a14c722083c1430a89cf089dc81679ad",
                        "itemKUID": "a1716dc115ec46f7b708dd80999458a8",
                        "forkedPlatform": "all"
                    }
                }
            },
            "mappingsOrder": ["ME_Mapping_a2ce3ca11bfa427091dadd227874ba3d"],
            "parentId": "_e074e2821b61460a8198ec7965b3c26b",
            "callbackType": null,
            "enableMappingEditor": true
        }, {
            "id": "ADD_SNIPPET_edb631e03a4543018be4f617fb42523d",
            "type": "ADD_SNIPPET",
            "codeSnippet": "if ([640].indexOf(kony.application.getCurrentBreakpoint()) !== -1) {\n    var templateId = self.view.segDemandRequest.rowTemplate;\n    self.view.segDemandRequest.data.forEach(function(row) {\n        row[templateId] = {\n            layoutType: kony.flex.FLOW_VERTICAL\n        };\n        Object.keys(row).forEach(function(key) {\n            if (key.includes(\"lbl\")) {\n                row[key].width = '80%';\n                row[key].height = kony.flex.USE_PREFERRED_SIZE;\n            }\n        });\n    });\n    var clonedWidgetDataMap = self.view.segDemandRequest.widgetDataMap;\n    clonedWidgetDataMap[templateId] = templateId;\n    self.view.segDemandRequest.widgetDataMap = clonedWidgetDataMap;\n    self.view.segDemandRequest.setData(self.view.segDemandRequest.data);\n    self.view.forceLayout();\n}\n",
            "parentId": "_e074e2821b61460a8198ec7965b3c26b",
            "callbackType": null
        }, {
            "id": "INVOKE_FUNCTION__h82b7698b7ca4efbbaa91219afe43038",
            "type": "INVOKE_FUNCTION",
            "sequenceKUID": "pieChartFromSegment",
            "display": "pieChartFromSegment",
            "inputparams": [],
            "parentId": "_e074e2821b61460a8198ec7965b3c26b",
            "callbackType": null,
            "disabled": null,
            "source": "controller"
        }]
    }
}