{
    "AS_ListBox_e2ce0cd1c7e24420b302a23eef71b76d": {
        "id": "AS_ListBox_e2ce0cd1c7e24420b302a23eef71b76d",
        "type": "ACTION_SEQUENCE",
        "params": [{
            "datatype": "collection",
            "name": "eventobject"
        }],
        "contextObj": {
            "name": "DemandRequestFrm",
            "type": "forms",
            "platform": "",
            "KUID": "a1716dc115ec46f7b708dd80999458a8"
        },
        "language": "js",
        "eventType": "onSelection",
        "actions": [{
            "id": "INVOKE_FUNCTION__fe1d1ef9cbff47a4b773bf01241ff88d",
            "type": "INVOKE_FUNCTION",
            "sequenceKUID": "filterData",
            "display": "filterData",
            "inputparams": [],
            "parentId": null,
            "callbackType": null,
            "disabled": null,
            "source": "controller"
        }]
    }
}