{
    "AS_ListBox_e0a22196783943caa926e23657cc2af7": {
        "id": "AS_ListBox_e0a22196783943caa926e23657cc2af7",
        "type": "ACTION_SEQUENCE",
        "params": [{
            "datatype": "collection",
            "name": "eventobject"
        }],
        "contextObj": {
            "name": "DemandRequestFrm",
            "type": "forms",
            "platform": "",
            "KUID": "a1716dc115ec46f7b708dd80999458a8"
        },
        "language": "js",
        "eventType": "onSelection",
        "actions": [{
            "id": "INVOKE_FUNCTION__f5dd692d33e949c1b482722266581399",
            "type": "INVOKE_FUNCTION",
            "sequenceKUID": "filterData",
            "display": "filterData",
            "inputparams": [],
            "parentId": null,
            "callbackType": null,
            "disabled": null,
            "source": "controller"
        }]
    }
}