{
    "AS_ListBox_c9bd2ff52144480c955ead8257217004": {
        "id": "AS_ListBox_c9bd2ff52144480c955ead8257217004",
        "type": "ACTION_SEQUENCE",
        "params": [{
            "datatype": "collection",
            "name": "eventobject"
        }],
        "language": "js",
        "eventType": "onSelection",
        "actions": [{
            "id": "INVOKE_FUNCTION__ide_onSelection_gf5305d1ed81429d9b96d0b69dca6213",
            "type": "INVOKE_FUNCTION",
            "sequenceKUID": "filterData",
            "display": "filterData",
            "inputparams": [],
            "callbackType": null,
            "disabled": null,
            "source": "controller"
        }]
    }
}