{
    "AS_TextField_d001906d70c44fc2807c43c55b8d34a3": {
        "id": "AS_TextField_d001906d70c44fc2807c43c55b8d34a3",
        "type": "ACTION_SEQUENCE",
        "params": [{
            "datatype": "collection",
            "name": "eventobject"
        }, {
            "datatype": "string",
            "name": "changedtext"
        }],
        "language": "js",
        "eventType": "onTextChange",
        "actions": [{
            "id": "INVOKE_FUNCTION__ide_onTextChange_dc19b337dfe24ceba0c13035d72835af",
            "type": "INVOKE_FUNCTION",
            "sequenceKUID": "filterData",
            "display": "filterData",
            "inputparams": [],
            "callbackType": null,
            "disabled": null,
            "source": "controller"
        }]
    }
}