{
    "DNDConfig": null,
    "_height_": {
        "type": "string",
        "value": "76.09%"
    },
    "_left_": {
        "type": "string",
        "value": "0.02%"
    },
    "_margin_": [
        0,
        0,
        0,
        0
    ],
    "_orientation_": 6,
    "_padding_": [
        0,
        0,
        0,
        0
    ],
    "_percent_": true,
    "_skin_": "sc62e70a9d2646deab78fcb14d4cc95b",
    "_top_": {
        "type": "string",
        "value": "23.91%"
    },
    "_width_": {
        "type": "string",
        "value": "100.03%"
    },
    "actionsInfo": {
        "skipMapping": true
    },
    "allboxes": [],
    "autogrowmode": 0,
    "canUpdateUI": true,
    "children": [
        "flexProductline",
        "segProductline"
    ],
    "clipbounds": false,
    "containerweight": 100,
    "enablescrolling": true,
    "id": "flexHeaderProductline",
    "info": null,
    "iscustomlayout": false,
    "isvisible": true,
    "kuid": "b65a19c4ba8c4139a75dd60292dfa508",
    "layouttype": 4,
    "masterType": 1,
    "name": "kony.ui.FlexContainer",
    "parent": "FlexContainertable",
    "pf": "ProductLinefrm",
    "responsiveData": {
        "b1": {},
        "b2": {},
        "b3": {}
    },
    "retaincontentalignment": false,
    "retainflexpositionproperties": false,
    "retainflowhorizontalalignment": false,
    "snapgridsize": 10,
    "snaptogrid": true,
    "wType": "FlexContainer",
    "widgetalignment": 1
}