{
    "DNDConfig": null,
    "_height_": {
        "type": "string",
        "value": "460dp"
    },
    "_left_": {
        "type": "string",
        "value": "40dp"
    },
    "_margin_": [
        0,
        0,
        0,
        0
    ],
    "_orientation_": 6,
    "_padding_": [
        0,
        0,
        0,
        0
    ],
    "_percent_": true,
    "_skin_": "s6013d99b7144e2bbe48b4908dde4a71",
    "_top_": {
        "type": "string",
        "value": "430dp"
    },
    "_width_": {
        "type": "string",
        "value": "92.97%"
    },
    "allboxes": [],
    "autogrowmode": 0,
    "canUpdateUI": true,
    "children": [
        "flexHeaderProductline",
        "Label1",
        "Label2"
    ],
    "clipbounds": false,
    "containerweight": 100,
    "enablescrolling": true,
    "id": "FlexContainertable",
    "info": null,
    "iscustomlayout": false,
    "isvisible": true,
    "kuid": "f6e6d4e7bd51449f9a7606d7e3a26c27",
    "layouttype": 2,
    "masterType": 1,
    "name": "kony.ui.FlexContainer",
    "parent": "ProductLinefrm",
    "pf": "ProductLinefrm",
    "retaincontentalignment": false,
    "retainflexpositionproperties": false,
    "retainflowhorizontalalignment": false,
    "snapgridsize": 10,
    "snaptogrid": true,
    "wType": "FlexContainer",
    "widgetalignment": 1,
    "zindex": 1
}