{
    "DNDConfig": null,
    "_height_": {
        "type": "string",
        "value": "7%"
    },
    "_left_": {
        "type": "string",
        "value": "0%"
    },
    "_margin_": [
        0,
        0,
        0,
        0
    ],
    "_orientation_": 6,
    "_padding_": [
        0,
        0,
        0,
        0
    ],
    "_percent_": true,
    "_skin_": "s042f3c79a984c29a8addb33b130efa7",
    "_top_": {
        "type": "string",
        "value": "0%"
    },
    "_width_": {
        "type": "string",
        "value": "100%"
    },
    "actionsInfo": {
        "skipMapping": true
    },
    "allboxes": [],
    "autogrowmode": 0,
    "canUpdateUI": true,
    "children": [
        "flexProductLine1",
        "flexForcasted",
        "flexActual",
        "flexVariance"
    ],
    "clipbounds": false,
    "containerweight": 100,
    "enablescrolling": true,
    "id": "flexProductline",
    "info": null,
    "iscustomlayout": false,
    "isvisible": true,
    "kuid": "eea873548f8a4b20a3546935a3a1efd5",
    "layouttype": 3,
    "name": "kony.ui.FlexContainer",
    "parent": "flexHeaderProductline",
    "pf": "ProductLinefrm",
    "retaincontentalignment": false,
    "retainflexpositionproperties": false,
    "retainflowhorizontalalignment": false,
    "snapgridsize": 10,
    "snaptogrid": true,
    "wType": "FlexContainer",
    "widgetalignment": 1
}