{
    "DNDConfig": null,
    "_height_": {
        "type": "string",
        "value": "35%"
    },
    "_left_": {
        "type": "string",
        "value": "46dp"
    },
    "_margin_": [
        0,
        0,
        0,
        0
    ],
    "_orientation_": 6,
    "_padding_": [
        0,
        0,
        0,
        0
    ],
    "_percent_": true,
    "_skin_": "s8c7496960954fe2ac011b871ad3086c",
    "_top_": {
        "type": "string",
        "value": "83dp"
    },
    "_width_": {
        "type": "string",
        "value": "35%"
    },
    "allboxes": [],
    "autogrowmode": 0,
    "canUpdateUI": true,
    "children": [
        "linechart"
    ],
    "clipbounds": false,
    "containerweight": 100,
    "enablescrolling": true,
    "id": "FlexContainerLinechart",
    "info": null,
    "iscustomlayout": false,
    "isvisible": true,
    "kuid": "ie99c9336a8544d1b3fb7f63dcf838a6",
    "layouttype": 2,
    "name": "kony.ui.FlexContainer",
    "parent": "ProductLinefrm",
    "pf": "ProductLinefrm",
    "retaincontentalignment": false,
    "retainflexpositionproperties": false,
    "retainflowhorizontalalignment": false,
    "snapgridsize": 10,
    "snaptogrid": true,
    "wType": "FlexContainer",
    "widgetalignment": 1,
    "zindex": 1
}