{
    "DNDConfig": null,
    "_height_": {
        "type": "string",
        "value": "100%"
    },
    "_left_": {
        "type": "string",
        "value": "0%"
    },
    "_margin_": [
        0,
        0,
        0,
        0
    ],
    "_orientation_": 6,
    "_padding_": [
        0,
        0,
        0,
        0
    ],
    "_percent_": true,
    "_skin_": "sc62e70a9d2646deab78fcb14d4cc95b",
    "_top_": {
        "type": "string",
        "value": "0%"
    },
    "_width_": {
        "type": "string",
        "value": "24.5%"
    },
    "actionsInfo": {
        "skipMapping": true
    },
    "allboxes": [],
    "autogrowmode": 0,
    "canUpdateUI": true,
    "children": [
        "lblVariance"
    ],
    "clipbounds": false,
    "containerweight": 100,
    "enablescrolling": true,
    "id": "flexVariance",
    "info": null,
    "iscustomlayout": false,
    "isvisible": true,
    "kuid": "h4c1f5effe0b4aae9511aebe0de60fdb",
    "layouttype": 2,
    "name": "kony.ui.FlexContainer",
    "parent": "flexProductline",
    "pf": "ProductLinefrm",
    "retaincontentalignment": false,
    "retainflexpositionproperties": false,
    "retainflowhorizontalalignment": false,
    "snapgridsize": 10,
    "snaptogrid": true,
    "wType": "FlexContainer",
    "widgetalignment": 1
}