{
    "@class": "com.kony.gen.viz.model.component.KVizImage2",
    "DNDConfig": null,
    "_base64_": null,
    "_height_": {
        "type": "string",
        "value": "50dp"
    },
    "_left_": {
        "type": "string",
        "value": "55dp"
    },
    "_margin_": [
        0,
        0,
        0,
        0
    ],
    "_padding_": [
        0,
        0,
        0,
        0
    ],
    "_skin_": "s2351ef020c04e5f8841c6a2e097ace6",
    "_src_": "imagedrag.png",
    "_top_": {
        "type": "string",
        "value": "23dp"
    },
    "_width_": {
        "type": "string",
        "value": "75dp"
    },
    "canUpdateUI": true,
    "containerId": true,
    "containerweight": 100,
    "id": "imgMenuOption",
    "imagescalemode": 1,
    "info": null,
    "iscustomlayout": false,
    "isvisible": true,
    "kuid": "h98f0ae3ecb74431a8e38fb947ee68b8",
    "name": "kony.ui.Image2",
    "parent": "myflxSegRowWithImageAndLabel",
    "pf": "mytplSegRowWithImageAndLabel",
    "retaincontentalignment": false,
    "retainflexpositionproperties": false,
    "srcType": 1,
    "wType": "Image",
    "widgetalignment": 5,
    "zindex": 1
}