{
  "subType" : "customapp",
  "description" : "SKU Demand",
  "version" : "1.0",
  "objectSvcs" : [ {
    "name" : "SKUDemandRequests",
    "version" : "1.0",
    "etag" : "103ff2a8-8c9b-467e-94a1-a1bf8a89d868"
  }, {
    "name" : "SKUDemandRequestsSid",
    "version" : "1.0",
    "etag" : "2765a191-7ea2-4d09-a909-6a3823895e4a"
  } ],
  "identitySvcConf" : "{\"session_idle_timeout_mins\":20,\"session_max_duration_mins\":360,\"show_security_attributes\":false,\"is_integrity_enabled\":false,\"auto_extend\":true}"
}