{
    "@class": "com.kony.gen.viz.model.container.KVizSegment2",
    "DNDConfig": null,
    "_data_": [
        {},
        {},
        {},
        {},
        {},
        {},
        {},
        {},
        {},
        {}
    ],
    "_height_": {
        "type": "string",
        "value": "83.33%"
    },
    "_indicator_": "none",
    "_left_": {
        "type": "string",
        "value": "0dp"
    },
    "_margin_": [
        0,
        0,
        0,
        0
    ],
    "_orientation_": 2,
    "_padding_": [
        0,
        0,
        0,
        0
    ],
    "_top_": {
        "type": "string",
        "value": "150dp"
    },
    "_width_": {
        "type": "string",
        "value": "100%"
    },
    "autogrowmode": 0,
    "canUpdateUI": true,
    "containerweight": 100,
    "counter": "01",
    "desktop": {
        "_data_": [
            {
                "Labelmenuoption": {
                    "@class": "com.viz.ide.model.segment.SimpleTextSegmentData",
                    "text": "Overview",
                    "type": "Label"
                },
                "imgMenuOption": {
                    "@class": "com.viz.ide.model.segment.ImageSegmentData",
                    "src": "overview.png",
                    "type": "Image"
                }
            },
            {
                "Labelmenuoption": {
                    "@class": "com.viz.ide.model.segment.SimpleTextSegmentData",
                    "text": "S&OP",
                    "type": "Label"
                },
                "imgMenuOption": {
                    "@class": "com.viz.ide.model.segment.ImageSegmentData",
                    "src": "sop.png",
                    "type": "Image"
                }
            }
        ],
        "rowTemplateId": "j85514e81980404baf462ad005e24c33",
        "rowtemplate": "myflxSegRowWithImageAndLabel",
        "widgetdatamap": {
            "Labelmenuoption": "Labelmenuoption",
            "imgMenuOption": "imgMenuOption",
            "myflxSegRowWithImageAndLabel": "myflxSegRowWithImageAndLabel"
        }
    },
    "focusedindex": null,
    "focuseditem": null,
    "groupcells": false,
    "hasSections": false,
    "id": "Segmenu",
    "info": null,
    "ipad": {
        "psp": {
            "indicator": "rowselect"
        }
    },
    "iphone": {
        "psp": {
            "indicator": "rowselect"
        }
    },
    "iscustomlayout": false,
    "isvisible": true,
    "kuid": "fcdf6f6df0f045d2aaf48f817fc14dc7",
    "masterdata": {},
    "name": "kony.ui.SegmentedUI2",
    "needpageindicator": true,
    "pageoffdotimage": "pageoffdot.png",
    "pageondotimage": "pageondot.png",
    "paginationconfig": {
        "position": "bottom"
    },
    "parent": "hamburgermenu",
    "pf": "userwidgetmodel",
    "retaincontentalignment": false,
    "retainflexpositionproperties": false,
    "retainselection": false,
    "rowcounter": 1,
    "rowfocusskin": "s42405b9c4914d27822ca9a1080e2024",
    "rowskin": "s42405b9c4914d27822ca9a1080e2024",
    "rowtemplate": null,
    "screenlevelwidget": false,
    "seccounter": 0,
    "sectionheaderskin": "s1e955786926459db5b85ea76edf8ac9",
    "selectedRows": null,
    "selectedState": false,
    "selectedindex": null,
    "selectedindices": null,
    "selecteditems": null,
    "selectedsectionindex": 0,
    "selectionbehavior": "default",
    "separatorcolor": "aaaaaa00",
    "separatorrequired": true,
    "separatorthickness": 1,
    "showscrollbars": false,
    "viewtype": "tableview",
    "vizProps": {},
    "wType": "Segment",
    "widgetalignment": 5,
    "widgetdatamap": {
        "Labelmenuoption": "Labelmenuoption",
        "imgMenuOption": "imgMenuOption",
        "myflxSegRowWithImageAndLabel": "myflxSegRowWithImageAndLabel"
    },
    "zindex": 1
}