{
  "android": {
    "background_color": {
      "angle": 0,
      "colors": [
        "ceffffff",
        "ceffe7ff",
        "ffe7c7ff"
      ],
      "cs": [
        0,
        48,
        97
      ],
      "gradientType": "toTop",
      "gt": "linear"
    },
    "background_style": "linear",
    "bg_type": "ms_gradient",
    "font_name": "default",
    "isForked": true
  },
  "androidwearos": {
    "background_color": {
      "angle": 0,
      "colors": [
        "ceffffff",
        "ceffe7ff",
        "ffe7c7ff"
      ],
      "cs": [
        0,
        48,
        97
      ],
      "gradientType": "toTop",
      "gt": "linear"
    },
    "background_style": "linear",
    "bg_type": "ms_gradient",
    "font_name": "default",
    "isForked": true
  },
  "background_color": "ffffffff",
  "bg_type": "one",
  "border_color": "000000ff",
  "border_style": "plain",
  "border_type": 0,
  "border_width": 0,
  "desktopweb": {
    "background_color": {
      "angle": 0,
      "colors": [
        "ceffffff",
        "ceffe7ff",
        "ffe7c7ff"
      ],
      "cs": [
        0,
        48,
        97
      ],
      "gradientType": "toTop",
      "gt": "linear"
    },
    "background_style": "linear",
    "bg_type": "ms_gradient",
    "bottom_left_border_color": "000000ff",
    "bottom_left_border_style": "plain",
    "bottom_left_border_width": 0,
    "bottom_right_border_color": "000000ff",
    "bottom_right_border_style": "plain",
    "bottom_right_border_width": 0,
    "font_name": "Helvetica",
    "isForked": true,
    "top_left_border_color": "000000ff",
    "top_left_border_style": "plain",
    "top_left_border_width": "0",
    "top_right_border_color": "000000ff",
    "top_right_border_style": "plain",
    "top_right_border_width": 0
  },
  "ipad": {
    "background_color": {
      "angle": 0,
      "colors": [
        "ceffffff",
        "ceffe7ff",
        "ffe7c7ff"
      ],
      "cs": [
        0,
        48,
        97
      ],
      "gradientType": "toTop",
      "gt": "linear"
    },
    "background_style": "linear",
    "bg_type": "ms_gradient",
    "font_name": "System",
    "isForked": true
  },
  "iphone": {
    "background_color": {
      "angle": 0,
      "colors": [
        "ceffffff",
        "ceffe7ff",
        "ffe7c7ff"
      ],
      "cs": [
        0,
        48,
        97
      ],
      "gradientType": "toTop",
      "gt": "linear"
    },
    "background_style": "linear",
    "bg_type": "ms_gradient",
    "font_name": "System",
    "isForked": true
  },
  "isDefaultSkin": false,
  "kiosk": {
    "background_color": {
      "angle": 0,
      "colors": [
        "ceffffff",
        "ceffe7ff",
        "ffe7c7ff"
      ],
      "cs": [
        0,
        48,
        97
      ],
      "gradientType": "toTop",
      "gt": "linear"
    },
    "background_style": "linear",
    "bg_type": "ms_gradient",
    "font_name": "Helvetica",
    "isForked": true
  },
  "kuid": "s42405b9c4914d27822ca9a1080e2024",
  "nativemac": {
    "background_color": {
      "angle": 0,
      "colors": [
        "ceffffff",
        "ceffe7ff",
        "ffe7c7ff"
      ],
      "cs": [
        0,
        48,
        97
      ],
      "gradientType": "toTop",
      "gt": "linear"
    },
    "background_style": "linear",
    "bg_type": "ms_gradient",
    "bottom_left_border_color": "000000ff",
    "bottom_left_border_style": "plain",
    "bottom_left_border_width": 0,
    "bottom_right_border_color": "000000ff",
    "bottom_right_border_style": "plain",
    "bottom_right_border_width": 0,
    "font_name": "Helvetica",
    "isForked": true,
    "top_left_border_color": "000000ff",
    "top_left_border_style": "plain",
    "top_left_border_width": "0",
    "top_right_border_color": "000000ff",
    "top_right_border_style": "plain",
    "top_right_border_width": 0
  },
  "nativewin": {
    "background_color": {
      "angle": 0,
      "colors": [
        "ceffffff",
        "ceffe7ff",
        "ffe7c7ff"
      ],
      "cs": [
        0,
        48,
        97
      ],
      "gradientType": "toTop",
      "gt": "linear"
    },
    "background_style": "linear",
    "bg_type": "ms_gradient",
    "bottom_left_border_color": "000000ff",
    "bottom_left_border_style": "plain",
    "bottom_left_border_width": 0,
    "bottom_right_border_color": "000000ff",
    "bottom_right_border_style": "plain",
    "bottom_right_border_width": 0,
    "font_name": "Helvetica",
    "isForked": true,
    "top_left_border_color": "000000ff",
    "top_left_border_style": "plain",
    "top_left_border_width": "0",
    "top_right_border_color": "000000ff",
    "top_right_border_style": "plain",
    "top_right_border_width": 0
  },
  "spaan": {
    "background_color": {
      "angle": 0,
      "colors": [
        "ceffffff",
        "ceffe7ff",
        "ffe7c7ff"
      ],
      "cs": [
        0,
        48,
        97
      ],
      "gradientType": "toTop",
      "gt": "linear"
    },
    "background_style": "linear",
    "bg_type": "ms_gradient",
    "bottom_left_border_color": "000000ff",
    "bottom_left_border_style": "plain",
    "bottom_left_border_width": 0,
    "bottom_right_border_color": "000000ff",
    "bottom_right_border_style": "plain",
    "bottom_right_border_width": 0,
    "font_name": "Helvetica",
    "isForked": true,
    "top_left_border_color": "000000ff",
    "top_left_border_style": "plain",
    "top_left_border_width": "0",
    "top_right_border_color": "000000ff",
    "top_right_border_style": "plain",
    "top_right_border_width": 0
  },
  "spaandroidtablet": {
    "background_color": {
      "angle": 0,
      "colors": [
        "ceffffff",
        "ceffe7ff",
        "ffe7c7ff"
      ],
      "cs": [
        0,
        48,
        97
      ],
      "gradientType": "toTop",
      "gt": "linear"
    },
    "background_style": "linear",
    "bg_type": "ms_gradient",
    "bottom_left_border_color": "000000ff",
    "bottom_left_border_style": "plain",
    "bottom_left_border_width": 0,
    "bottom_right_border_color": "000000ff",
    "bottom_right_border_style": "plain",
    "bottom_right_border_width": 0,
    "font_name": "Helvetica",
    "isForked": true,
    "top_left_border_color": "000000ff",
    "top_left_border_style": "plain",
    "top_left_border_width": "0",
    "top_right_border_color": "000000ff",
    "top_right_border_style": "plain",
    "top_right_border_width": 0
  },
  "spaip": {
    "background_color": {
      "angle": 0,
      "colors": [
        "ceffffff",
        "ceffe7ff",
        "ffe7c7ff"
      ],
      "cs": [
        0,
        48,
        97
      ],
      "gradientType": "toTop",
      "gt": "linear"
    },
    "background_style": "linear",
    "bg_type": "ms_gradient",
    "bottom_left_border_color": "000000ff",
    "bottom_left_border_style": "plain",
    "bottom_left_border_width": 0,
    "bottom_right_border_color": "000000ff",
    "bottom_right_border_style": "plain",
    "bottom_right_border_width": 0,
    "font_name": "Helvetica",
    "isForked": true,
    "top_left_border_color": "000000ff",
    "top_left_border_style": "plain",
    "top_left_border_width": "0",
    "top_right_border_color": "000000ff",
    "top_right_border_style": "plain",
    "top_right_border_width": 0
  },
  "spaipad": {
    "background_color": {
      "angle": 0,
      "colors": [
        "ceffffff",
        "ceffe7ff",
        "ffe7c7ff"
      ],
      "cs": [
        0,
        48,
        97
      ],
      "gradientType": "toTop",
      "gt": "linear"
    },
    "background_style": "linear",
    "bg_type": "ms_gradient",
    "bottom_left_border_color": "000000ff",
    "bottom_left_border_style": "plain",
    "bottom_left_border_width": 0,
    "bottom_right_border_color": "000000ff",
    "bottom_right_border_style": "plain",
    "bottom_right_border_width": 0,
    "font_name": "Helvetica",
    "isForked": true,
    "top_left_border_color": "000000ff",
    "top_left_border_style": "plain",
    "top_left_border_width": "0",
    "top_right_border_color": "000000ff",
    "top_right_border_style": "plain",
    "top_right_border_width": 0
  },
  "spawindowstablet": {
    "background_color": {
      "angle": 0,
      "colors": [
        "ceffffff",
        "ceffe7ff",
        "ffe7c7ff"
      ],
      "cs": [
        0,
        48,
        97
      ],
      "gradientType": "toTop",
      "gt": "linear"
    },
    "background_style": "linear",
    "bg_type": "ms_gradient",
    "bottom_left_border_color": "000000ff",
    "bottom_left_border_style": "plain",
    "bottom_left_border_width": 0,
    "bottom_right_border_color": "000000ff",
    "bottom_right_border_style": "plain",
    "bottom_right_border_width": 0,
    "font_name": "Helvetica",
    "isForked": true,
    "top_left_border_color": "000000ff",
    "top_left_border_style": "plain",
    "top_left_border_width": "0",
    "top_right_border_color": "000000ff",
    "top_right_border_style": "plain",
    "top_right_border_width": 0
  },
  "spawinphone8": {
    "background_color": {
      "angle": 0,
      "colors": [
        "ceffffff",
        "ceffe7ff",
        "ffe7c7ff"
      ],
      "cs": [
        0,
        48,
        97
      ],
      "gradientType": "toTop",
      "gt": "linear"
    },
    "background_style": "linear",
    "bg_type": "ms_gradient",
    "bottom_left_border_color": "000000ff",
    "bottom_left_border_style": "plain",
    "bottom_left_border_width": 0,
    "bottom_right_border_color": "000000ff",
    "bottom_right_border_style": "plain",
    "bottom_right_border_width": 0,
    "font_name": "Helvetica",
    "isForked": true,
    "top_left_border_color": "000000ff",
    "top_left_border_style": "plain",
    "top_left_border_width": "0",
    "top_right_border_color": "000000ff",
    "top_right_border_style": "plain",
    "top_right_border_width": 0
  },
  "tabrcandroid": {
    "background_color": {
      "angle": 0,
      "colors": [
        "ceffffff",
        "ceffe7ff",
        "ffe7c7ff"
      ],
      "cs": [
        0,
        48,
        97
      ],
      "gradientType": "toTop",
      "gt": "linear"
    },
    "background_style": "linear",
    "bg_type": "ms_gradient",
    "font_name": "default",
    "isForked": true
  },
  "wType": "Segment",
  "watchos": {
    "font_name": "System"
  },
  "windows8": {
    "background_color": {
      "angle": 0,
      "colors": [
        "ceffffff",
        "ceffe7ff",
        "ffe7c7ff"
      ],
      "cs": [
        0,
        48,
        97
      ],
      "gradientType": "toTop",
      "gt": "linear"
    },
    "background_style": "linear",
    "bg_type": "ms_gradient",
    "font_name": "None",
    "isForked": true
  },
  "winphone8": {
    "background_color": {
      "angle": 0,
      "colors": [
        "ceffffff",
        "ceffe7ff",
        "ffe7c7ff"
      ],
      "cs": [
        0,
        48,
        97
      ],
      "gradientType": "toTop",
      "gt": "linear"
    },
    "background_style": "linear",
    "bg_type": "ms_gradient",
    "font_name": "None",
    "isForked": true
  }
}