{
    "DNDConfig": null,
    "_height_": {
        "type": "ref",
        "value": "preferred"
    },
    "_left_": {
        "type": "string",
        "value": "0%"
    },
    "_margin_": [
        0,
        0,
        0,
        0
    ],
    "_orientation_": 6,
    "_padding_": [
        0,
        0,
        0,
        0
    ],
    "_percent_": true,
    "_skin_": "sbb510e7ceaa4bc38a226f115378ae30",
    "_top_": {
        "type": "string",
        "value": "0%"
    },
    "_width_": {
        "type": "string",
        "value": "100%"
    },
    "actionsInfo": {
        "skipMapping": true
    },
    "allboxes": [],
    "autogrowmode": 1,
    "breakpointInfo": {
        "b1": {
            "width": 1366
        },
        "b2": {
            "width": 1024
        },
        "b3": {
            "width": 640
        }
    },
    "canUpdateUI": true,
    "children": [
        "lblProductLine1",
        "lblForcasted1",
        "lblActual1",
        "lblVariance1"
    ],
    "clipbounds": false,
    "containerId": true,
    "containerweight": 100,
    "controllerInfo": {
        "default": {
            "channel": "desktop",
            "name": "CopyFBoxProductline0g693a35b70844aController"
        }
    },
    "enablescrolling": true,
    "id": "CopyFBoxProductline0g693a35b70844a",
    "info": null,
    "isGeneratedTemplate": true,
    "isTemplate": true,
    "iscustomlayout": false,
    "isvisible": true,
    "kuid": "j598f99689c247c0a27ed15521362d08",
    "layouttype": 3,
    "name": "kony.ui.FlexContainer",
    "pf": "CopyFBoxProductline0g693a35b70844a",
    "retaincontentalignment": false,
    "retainflexpositionproperties": false,
    "retainflowhorizontalalignment": false,
    "snapgridsize": 10,
    "snaptogrid": true,
    "wType": "FlexContainer",
    "widgetalignment": 1
}