{
    "@class": "com.kony.gen.viz.model.component.KVizImage2",
    "DNDConfig": null,
    "_base64_": null,
    "_height_": {
        "type": "string",
        "value": "33dp"
    },
    "_left_": {
        "type": "string",
        "value": "14dp"
    },
    "_margin_": [
        0,
        0,
        0,
        0
    ],
    "_padding_": [
        0,
        0,
        0,
        0
    ],
    "_skin_": "s5f3c73007e34a2b9f9a91eb8e3e0cf2",
    "_src_": "eye.png",
    "_top_": {
        "type": "string",
        "value": "19dp"
    },
    "_width_": {
        "type": "string",
        "value": "40dp"
    },
    "canUpdateUI": true,
    "containerId": true,
    "containerweight": 100,
    "id": "Image0f546f4cd61574a",
    "imagescalemode": 1,
    "info": null,
    "invokedProperty": "src",
    "iscustomlayout": false,
    "isvisible": true,
    "kuid": "j2bcaefa0ab14478b2d4b70988a48af4",
    "name": "kony.ui.Image2",
    "parent": "Flex0f834108d4cc042",
    "pf": "TempDemandRequest",
    "retaincontentalignment": false,
    "retainflexpositionproperties": false,
    "srcType": 1,
    "wType": "Image",
    "widgetalignment": 5,
    "zindex": 1
}