{
    "SKUDemandRequests_DemandRequest": {
        "servicename": "SKUDemandRequests",
        "serviceid": "5d4e511d-db69-4f7e-9f71-a0bfc8c87fcf",
        "type": "objectsvcs",
        "objectname": "DemandRequest",
        "objectid": "598093"
    },
    "SKUDemandRequests_Productline": {
        "servicename": "SKUDemandRequests",
        "serviceid": "5d4e511d-db69-4f7e-9f71-a0bfc8c87fcf",
        "type": "objectsvcs",
        "objectname": "Productline",
        "objectid": "598094"
    },
    "SKUDemandRequestsSid_DemandRequestSid": {
        "servicename": "SKUDemandRequestsSid",
        "serviceid": "ecf103e7-16e5-486e-bdcf-485b48b1de9b",
        "type": "objectsvcs",
        "objectname": "DemandRequestSid",
        "objectid": "598349"
    }
}