{
    "splashScreen": {
        "desktop": {
            "desktopweb": {},
            "kiosk": {},
            "nativemac": {},
            "nativewin": {}
        },
        "mobile": {
            "android": {},
            "iphone": {
                "splashConfig": {
                    "_skin_": "sda990374aa34f83b2df41b2a6e77b6b",
                    "children": []
                }
            },
            "spa": {},
            "spaan": {},
            "spaip": {},
            "spawinphone8": {},
            "winphone10": {},
            "winphone8": {}
        },
        "tablet": {
            "android": {},
            "ipad": {
                "landscape": {},
                "splashConfig": {
                    "_skin_": "sda990374aa34f83b2df41b2a6e77b6b",
                    "children": []
                }
            },
            "spa": {},
            "spaandroidtablet": {},
            "spaipad": {},
            "spawindowstablet": {},
            "windows8": {}
        }
    }
}